Date,January,February,March,April,May,June,July,August,September,October,November,December,Year
1,0.0,0.0,0.0,0.0,0.0,0.0,0.0,0.0,0.0,0.0,0.0,0.0,1999
2,0.0,0.0,0.0,0.0,0.0,0.0,0.0,0.0,0.0,0.0,0.0,0.0,1999
3,0.0,0.0,0.0,0.0,0.0,0.0,0.0,0.0,0.0,0.0,0.0,0.0,1999
4,0.0,0.0,0.0,0.0,0.0,0.0,0.0,0.0,0.0,0.0,0.0,0.0,1999
5,0.0,0.0,0.0,0.0,0.0,0.0,0.0,0.0,0.0,0.0,0.0,0.0,1999
6,0.0,0.0,0.0,0.0,0.0,0.0,0.0,0.0,0.0,0.0,0.0,0.0,1999
7,0.0,0.0,0.0,0.0,0.0,0.0,0.0,0.0,0.0,0.0,0.0,0.0,1999
8,0.0,0.0,0.0,0.0,0.0,0.0,0.0,0.0,0.0,0.0,0.0,0.0,1999
9,0.0,0.0,0.0,0.0,0.0,0.0,0.0,0.0,0.0,0.0,0.0,0.0,1999
10,0.0,0.0,0.0,0.0,0.0,0.0,0.0,0.0,0.0,0.0,0.0,0.0,1999
11,0.0,0.0,0.0,0.0,0.0,0.0,0.0,0.0,0.0,0.0,0.0,0.0,1999
12,0.0,0.0,0.0,0.0,0.0,0.0,0.0,0.0,0.0,0.0,0.0,0.0,1999
13,0.0,0.0,0.0,0.0,0.0,0.0,0.0,0.0,0.0,0.0,0.0,0.0,1999
14,0.0,0.0,0.0,0.0,0.0,0.0,0.0,0.0,0.0,0.0,0.0,0.0,1999
15,0.0,0.0,0.0,0.0,0.0,0.0,0.0,0.0,0.0,0.0,0.0,0.0,1999
16,0.0,0.0,0.0,0.0,0.0,0.0,0.0,0.0,0.0,0.0,0.0,12051.0,1999
17,0.0,0.0,0.0,0.0,0.0,0.0,0.0,0.0,0.0,0.0,0.0,25874.0,1999
18,0.0,0.0,0.0,0.0,0.0,0.0,0.0,0.0,0.0,0.0,0.0,23698.0,1999
19,0.0,0.0,0.0,0.0,0.0,0.0,0.0,0.0,0.0,0.0,0.0,23698.0,1999
20,0.0,0.0,0.0,0.0,0.0,0.0,0.0,0.0,0.0,0.0,0.0,32662.0,1999
21,0.0,0.0,0.0,0.0,0.0,0.0,0.0,0.0,0.0,0.0,0.0,21652.0,1999
22,0.0,0.0,0.0,0.0,0.0,0.0,0.0,0.0,0.0,0.0,0.0,21652.0,1999
23,0.0,0.0,0.0,0.0,0.0,0.0,0.0,0.0,0.0,0.0,0.0,39760.0,1999
24,0.0,0.0,0.0,0.0,0.0,0.0,0.0,0.0,0.0,0.0,0.0,26469.0,1999
25,0.0,0.0,0.0,0.0,0.0,0.0,0.0,0.0,0.0,0.0,0.0,13540.0,1999
26,0.0,0.0,0.0,0.0,0.0,0.0,0.0,0.0,0.0,0.0,0.0,18780.0,1999
27,0.0,0.0,0.0,0.0,0.0,0.0,0.0,0.0,0.0,0.0,0.0,20928.0,1999
28,0.0,0.0,0.0,0.0,0.0,0.0,0.0,0.0,0.0,0.0,0.0,28944.0,1999
29,0.0,0.0,0.0,0.0,0.0,0.0,0.0,0.0,0.0,0.0,0.0,20687.0,1999
30,0.0,0.0,0.0,0.0,0.0,0.0,0.0,0.0,0.0,0.0,0.0,24584.0,1999
31,0.0,0.0,0.0,0.0,0.0,0.0,0.0,0.0,0.0,0.0,0.0,13937.0,1999
1,10887.0,44101.0,61328.0,35565.0,27649.0,51806.0,47114.0,165234.0,199514.0,95472.0,66065.0,274664.0,2000
2,17612.0,50413.0,56461.0,20283.0,58001.0,65159.0,21767.0,184257.0,132325.0,207125.0,64934.0,173101.0,2000
3,17612.0,34289.0,64116.0,57310.0,64948.0,38966.0,75373.0,168901.0,92935.0,200319.0,0.0,116240.0,2000
4,26367.0,48986.0,39550.0,56234.0,84225.0,20345.0,55732.0,199780.0,162793.0,193775.0,178050.0,257495.0,2000
5,23854.0,22682.0,21675.0,57799.0,67223.0,65290.0,51563.0,152566.0,186302.0,181408.0,90208.0,254492.0,2000
6,21367.0,24309.0,58989.0,55089.0,37272.0,66843.0,54956.0,86712.0,209586.0,226186.0,241904.0,259054.0,2000
7,21308.0,63274.0,57989.0,62496.0,19570.0,63132.0,69287.0,173409.0,186372.0,148734.0,227775.0,250120.0,2000
8,19364.0,50402.0,58966.0,37155.0,60286.0,61125.0,34246.0,163536.0,198120.0,87228.0,217905.0,259549.0,2000
9,16642.0,51263.0,56421.0,20210.0,63146.0,66008.0,17829.0,210433.0,144802.0,219222.0,194561.0,203231.0,2000
10,16642.0,51259.0,62221.0,58505.0,62463.0,38865.0,67774.0,179657.0,84305.0,201075.0,191267.0,114462.0,2000
11,20778.0,57036.0,39295.0,58408.0,60208.0,19126.0,72450.0,189035.0,188271.0,208748.0,190030.0,283578.0,2000
12,20921.0,37977.0,20165.0,59317.0,65329.0,20808.0,72383.0,129578.0,188545.0,198568.0,97609.0,258535.0,2000
13,20632.0,23101.0,57165.0,57374.0,37352.0,59167.0,69235.0,87941.0,209037.0,219030.0,233710.0,262348.0,2000
14,25602.0,52073.0,57100.0,63482.0,21058.0,65667.0,80717.0,177716.0,177507.0,169289.0,191162.0,260370.0,2000
15,22530.0,50887.0,60747.0,39009.0,60391.0,64193.0,52856.0,184411.0,206172.0,105243.0,247676.0,284861.0,2000
16,12051.0,54075.0,58255.0,21316.0,62520.0,73289.0,26842.0,192708.0,157109.0,206523.0,243443.0,219064.0,2000
17,25874.0,52131.0,62907.0,60149.0,67681.0,41793.0,78493.0,179449.0,96470.0,214072.0,253263.0,154975.0,2000
18,22912.0,50337.0,38690.0,53704.0,64715.0,22440.0,79601.0,187890.0,185691.0,217254.0,186909.0,290498.0,2000
19,25614.0,36268.0,20769.0,58948.0,64550.0,57913.0,79670.0,138933.0,180175.0,213609.0,113869.0,284079.0,2000
20,25110.0,17778.0,55799.0,0.0,41118.0,84373.0,0.0,86564.0,224954.0,83705.0,243433.0,295717.0,2000
21,26247.0,53166.0,54722.0,0.0,21604.0,67939.0,141713.0,217481.0,185895.0,150130.0,238550.0,268243.0,2000
22,15524.0,52931.0,56956.0,0.0,64188.0,64475.0,131190.0,159999.0,213918.0,105962.0,240637.0,296969.0,2000
23,10251.0,55257.0,55099.0,0.0,60795.0,71074.0,70916.0,188690.0,152753.0,203038.0,231733.0,214755.0,2000
24,24717.0,58907.0,59511.0,52629.0,62508.0,41955.0,149907.0,176679.0,83051.0,187347.0,251565.0,127021.0,2000
25,19445.0,194631.0,36591.0,54397.0,66328.0,16536.0,156505.0,182095.0,203478.0,237265.0,186813.0,120107.0,2000
26,27146.0,38662.0,20106.0,54787.0,64948.0,63446.0,167994.0,200789.0,201834.0,203828.0,112142.0,229431.0,2000
27,26934.0,19100.0,54588.0,54837.0,37132.0,55398.0,163105.0,74182.0,209765.0,223002.0,240687.0,242553.0,2000
28,32452.0,55008.0,53622.0,63724.0,18786.0,51354.0,184143.0,190665.0,196309.0,113235.0,237594.0,246293.0,2000
29,19039.0,59249.0,55037.0,38002.0,62066.0,51415.0,139707.0,177594.0,199511.0,60263.0,266832.0,254715.0,2000
30,12312.0,0.0,43409.0,24981.0,61827.0,94076.0,89522.0,178618.0,153903.0,206020.0,146856.0,136350.0,2000
31,31370.0,0.0,48538.0,0.0,65813.0,0.0,189464.0,186022.0,0.0,209170.0,0.0,69747.0,2000
1,62000.0,252918.0,263346.0,124844.0,150228.0,301619.0,172299.0,313204.0,237693.0,316237.0,91112.0,214486.0,2001
2,178150.0,264166.0,275550.0,274167.0,283417.0,206008.0,280854.0,290713.0,150822.0,309462.0,106950.0,147387.0,2001
3,222181.0,191888.0,202320.0,0.0,259138.0,136243.0,291955.0,304237.0,311948.0,317349.0,136609.0,324267.0,2001
4,220567.0,118482.0,129632.0,539343.0,277272.0,279042.0,269707.0,218085.0,303236.0,302186.0,83355.0,312200.0,2001
5,232398.0,263520.0,271408.0,268919.0,197894.0,275104.0,261711.0,144504.0,309532.0,327948.0,302945.0,324108.0,2001
6,165685.0,266912.0,260455.0,279591.0,123682.0,281588.0,297446.0,303890.0,296560.0,236825.0,302063.0,297594.0,2001
7,99610.0,262482.0,275986.0,29753.0,236939.0,265158.0,235399.0,289193.0,316647.0,146705.0,304968.0,335145.0,2001
8,236638.0,247647.0,289050.0,81504.0,258363.0,281363.0,132822.0,300523.0,234864.0,305403.0,276136.0,253299.0,2001
9,239770.0,262636.0,272655.0,144915.0,259537.0,201223.0,300471.0,287948.0,144546.0,306707.0,315103.0,160538.0,2001
10,240088.0,187413.0,202121.0,289334.0,254049.0,115814.0,292149.0,298376.0,311450.0,299688.0,234120.0,327123.0,2001
11,230610.0,116789.0,121379.0,250635.0,270545.0,287995.0,297869.0,221766.0,301431.0,282710.0,135988.0,319747.0,2001
12,246070.0,246655.0,270387.0,0.0,180225.0,138673.0,283419.0,131041.0,294975.0,318320.0,296963.0,334123.0,2001
13,169616.0,251034.0,261701.0,0.0,112805.0,284936.0,296319.0,297042.0,283742.0,230850.0,313269.0,297201.0,2001
14,105571.0,273220.0,275287.0,0.0,87215.0,269882.0,221973.0,292329.0,315041.0,144761.0,309901.0,391187.0,2001
15,250724.0,252632.0,265563.0,85943.0,250888.0,292573.0,146622.0,308204.0,240846.0,322303.0,306938.0,273852.0,2001
16,252505.0,268213.0,283838.0,256610.0,274376.0,220789.0,307967.0,294187.0,149795.0,313997.0,321601.0,188478.0,2001
17,321273.0,192293.0,207908.0,258924.0,225245.0,128615.0,291314.0,284217.0,310531.0,315138.0,241875.0,210430.0,2001
18,321755.0,127097.0,133603.0,264155.0,299530.0,289014.0,297300.0,211072.0,295508.0,297610.0,149983.0,355063.0,2001
19,374608.0,245272.0,302730.0,238478.0,194341.0,280362.0,300533.0,125199.0,298424.0,333647.0,313038.0,375790.0,2001
20,222130.0,252659.0,267091.0,268142.0,124084.0,289953.0,301659.0,325213.0,294170.0,227098.0,299797.0,348060.0,2001
21,134090.0,252824.0,268308.0,183164.0,273036.0,277730.0,228855.0,305201.0,311448.0,155081.0,316829.0,377199.0,2001
22,258103.0,250796.0,270393.0,113253.0,267418.0,278144.0,134234.0,306253.0,233947.0,311756.0,290324.0,263020.0,2001
23,250522.0,263534.0,195784.0,263654.0,272452.0,212061.0,299954.0,262549.0,136471.0,305341.0,324575.0,174684.0,2001
24,254323.0,244871.0,270393.0,255593.0,258471.0,126813.0,291560.0,314441.0,278757.0,310225.0,239573.0,146704.0,2001
25,247428.0,180266.0,122818.0,268068.0,278808.0,293630.0,301246.0,231624.0,313975.0,289529.0,146490.0,130975.0,2001
26,263307.0,269595.0,0.0,384148.0,191461.0,281483.0,272220.0,133715.0,311246.0,318535.0,312847.0,232060.0,2001
27,190275.0,256884.0,521761.0,354708.0,120392.0,286638.0,303433.0,310678.0,291945.0,226596.0,299044.0,254508.0,2001
28,115071.0,283733.0,263986.0,250465.0,273119.0,296477.0,220937.0,298484.0,274711.0,137168.0,313823.0,256534.0,2001
29,233654.0,0.0,253638.0,164201.0,273466.0,312080.0,132505.0,302803.0,240646.0,306533.0,328396.0,188578.0,2001
30,244788.0,0.0,277341.0,358980.0,305604.0,225299.0,299550.0,297385.0,152698.0,306734.0,191536.0,130704.0,2001
31,267176.0,0.0,200436.0,0.0,284796.0,0.0,295574.0,325090.0,0.0,291331.0,0.0,99972.0,2001
1,86441.0,322458.0,314814.0,280546.0,164383.0,335339.0,417059.0,328417.0,170362.0,364303.0,89988.0,170947.0,2002
2,246979.0,206358.0,238315.0,287124.0,298415.0,214646.0,316281.0,344398.0,348288.0,366891.0,119705.0,362964.0,2002
3,273626.0,144281.0,145072.0,297295.0,322984.0,311443.0,323598.0,256100.0,356725.0,344487.0,120239.0,360597.0,2002
4,293265.0,317658.0,309500.0,280531.0,217967.0,306696.0,297640.0,163776.0,357510.0,373049.0,339328.0,374230.0,2002
5,210808.0,316657.0,312711.0,304792.0,141816.0,318532.0,328784.0,347382.0,339880.0,291246.0,336677.0,380166.0,2002
6,132689.0,321013.0,321630.0,205143.0,307105.0,303729.0,165000.0,333627.0,356079.0,159134.0,348536.0,235190.0,2002
7,312448.0,300079.0,300213.0,121792.0,297074.0,318844.0,135176.0,338791.0,255386.0,358213.0,340816.0,278633.0,2002
8,304930.0,322873.0,311160.0,142127.0,308202.0,217731.0,212593.0,323990.0,149342.0,350841.0,380223.0,171297.0,2002
9,315092.0,226309.0,213077.0,290436.0,294031.0,138532.0,286740.0,351883.0,339233.0,349995.0,252299.0,371424.0,2002
10,294903.0,143560.0,127780.0,311830.0,312605.0,321614.0,302774.0,254869.0,342215.0,355648.0,138449.0,365707.0,2002
11,307444.0,313459.0,319441.0,294820.0,210648.0,319681.0,323646.0,151704.0,350098.0,364665.0,360080.0,374028.0,2002
12,219300.0,302161.0,302755.0,299036.0,135063.0,167333.0,363589.0,337775.0,341444.0,258455.0,342815.0,361926.0,2002
13,132476.0,319876.0,306561.0,205025.0,257745.0,301770.0,192487.0,312001.0,367523.0,152715.0,364456.0,371477.0,2002
14,307682.0,314955.0,301947.0,131684.0,346085.0,326745.0,131055.0,345363.0,263527.0,337991.0,344841.0,296822.0,2002
15,320083.0,312597.0,334369.0,342093.0,315202.0,239826.0,135892.0,326985.0,174718.0,354968.0,375770.0,202879.0,2002
16,337343.0,233479.0,238194.0,311323.0,308790.0,152601.0,325462.0,369379.0,301326.0,365378.0,333421.0,388840.0,2002
17,308668.0,146105.0,149325.0,300291.0,300019.0,324889.0,340888.0,303934.0,356073.0,346994.0,170467.0,387153.0,2002
18,336326.0,319053.0,318444.0,297389.0,322564.0,311702.0,320857.0,162959.0,364599.0,373441.0,360024.0,401339.0,2002
19,231708.0,296656.0,305528.0,313406.0,117622.0,267722.0,342858.0,329917.0,340411.0,247220.0,351267.0,374224.0,2002
20,147252.0,304718.0,314620.0,211872.0,301835.0,356898.0,214329.0,368491.0,376922.0,159088.0,365259.0,404813.0,2002
21,214419.0,289896.0,298767.0,130015.0,133732.0,316999.0,122741.0,358342.0,270054.0,348092.0,347780.0,297782.0,2002
22,305054.0,290197.0,316866.0,389892.0,257387.0,227068.0,279424.0,346549.0,162223.0,334907.0,375180.0,211746.0,2002
23,312186.0,223642.0,211839.0,301115.0,252526.0,135580.0,374031.0,374552.0,361369.0,340907.0,270545.0,357308.0,2002
24,297822.0,130901.0,130403.0,320556.0,303368.0,326493.0,324259.0,258871.0,345063.0,326830.0,163733.0,177117.0,2002
25,318136.0,199875.0,294832.0,290410.0,205609.0,310489.0,299458.0,157839.0,352331.0,352050.0,355173.0,155578.0,2002
26,224465.0,319392.0,280740.0,246692.0,136847.0,316074.0,328247.0,361152.0,345026.0,243384.0,352419.0,300868.0,2002
27,134590.0,315018.0,240565.0,204305.0,302506.0,305329.0,243017.0,357348.0,369017.0,146700.0,356752.0,312772.0,2002
28,311720.0,314283.0,0.0,128886.0,286868.0,332003.0,151307.0,367463.0,262917.0,341462.0,350543.0,225644.0,2002
29,303775.0,0.0,0.0,295879.0,300878.0,242302.0,336115.0,350151.0,172048.0,334313.0,394643.0,151758.0,2002
30,312780.0,0.0,0.0,320653.0,295421.0,147181.0,321702.0,380517.0,355673.0,371146.0,233116.0,155871.0,2002
31,306314.0,0.0,95421.0,0.0,335339.0,0.0,346678.0,270786.0,0.0,170728.0,0.0,109792.0,2002
1,101989.0,264984.0,265436.0,349622.0,108188.0,155417.0,359708.0,377441.0,375699.0,399961.0,0.0,420799.0,2003
2,257925.0,162792.0,162404.0,349145.0,278445.0,369940.0,350658.0,261545.0,320175.0,358302.0,138213.0,398921.0,2003
3,296717.0,368620.0,365682.0,325918.0,208290.0,349315.0,339720.0,162529.0,355161.0,374304.0,364171.0,401295.0,2003
4,213976.0,344160.0,365682.0,346811.0,140594.0,363345.0,359418.0,353266.0,358079.0,283365.0,371182.0,389641.0,2003
5,143929.0,377878.0,376953.0,165537.0,338787.0,354356.0,228956.0,346315.0,403646.0,175517.0,395222.0,413059.0,2003
6,354554.0,356571.0,350505.0,142961.0,340283.0,369666.0,153055.0,345262.0,280087.0,385150.0,369192.0,308943.0,2003
7,347729.0,385075.0,375687.0,167039.0,349506.0,250464.0,358333.0,345928.0,161926.0,377442.0,402522.0,196574.0,2003
8,359505.0,269575.0,254351.0,349058.0,324770.0,151118.0,344205.0,360466.0,375878.0,386718.0,274100.0,366039.0,2003
9,343613.0,158801.0,152382.0,336506.0,328317.0,354488.0,342554.0,259324.0,365463.0,368626.0,167653.0,396342.0,2003
10,366173.0,366403.0,355326.0,331816.0,212554.0,356789.0,336922.0,148198.0,377764.0,340635.0,391186.0,408234.0,2003
11,248811.0,372582.0,345148.0,346705.0,130849.0,362853.0,355504.0,360938.0,360492.0,264359.0,382945.0,395141.0,2003
12,151477.0,370870.0,356952.0,230762.0,324578.0,354488.0,250630.0,360607.0,366168.0,163076.0,388748.0,406806.0,2003
13,359098.0,359855.0,349915.0,139623.0,333028.0,193149.0,152754.0,347132.0,272919.0,372870.0,376982.0,315421.0,2003
14,349846.0,410000.0,377201.0,334570.0,341758.0,225142.0,356579.0,347440.0,166058.0,375178.0,412290.0,217534.0,2003
15,372596.0,272800.0,261012.0,340391.0,336739.0,153047.0,359843.0,391711.0,390419.0,386372.0,298562.0,425074.0,2003
16,350975.0,169706.0,144606.0,264199.0,345200.0,352576.0,373358.0,267460.0,381408.0,379458.0,185824.0,425338.0,2003
17,372811.0,368636.0,383069.0,0.0,217139.0,328322.0,336090.0,171688.0,392279.0,403399.0,403074.0,433777.0,2003
18,260538.0,355238.0,343808.0,0.0,148184.0,361637.0,367216.0,366482.0,368211.0,275334.0,400019.0,395867.0,2003
19,156063.0,370378.0,350833.0,0.0,339770.0,340846.0,253693.0,329811.0,395109.0,182522.0,401126.0,438809.0,2003
20,429982.0,355917.0,337832.0,110809.0,327429.0,378208.0,155228.0,384164.0,274585.0,390281.0,400322.0,322527.0,2003
21,346703.0,380284.0,352327.0,327518.0,336279.0,256752.0,348183.0,389732.0,168367.0,379187.0,414980.0,224006.0,2003
22,360902.0,260626.0,210712.0,332763.0,324757.0,146242.0,293684.0,210846.0,383981.0,381426.0,299335.0,417956.0,2003
23,340880.0,153700.0,149232.0,338550.0,337228.0,348819.0,334355.0,223605.0,374581.0,372371.0,182237.0,411961.0,2003
24,365795.0,355934.0,349984.0,320437.0,220348.0,343126.0,290716.0,150090.0,382237.0,389695.0,396367.0,211982.0,2003
25,256863.0,211113.0,339333.0,339624.0,139199.0,359043.0,427768.0,375603.0,373444.0,266547.0,407505.0,152231.0,2003
26,152231.0,378794.0,336332.0,221111.0,306753.0,344466.0,248549.0,347685.0,391080.0,169436.0,240261.0,255041.0,2003
27,361442.0,354345.0,316174.0,134353.0,266580.0,373521.0,40963.0,375363.0,272353.0,381190.0,393116.0,214562.0,2003
28,346599.0,393536.0,342448.0,326100.0,234540.0,259975.0,311467.0,352795.0,162718.0,376720.0,422143.0,159791.0,2003
29,365639.0,0.0,240161.0,331350.0,321022.0,154886.0,343752.0,389446.0,383071.0,387418.0,309221.0,326150.0,2003
30,344274.0,0.0,151251.0,351670.0,374131.0,370579.0,355719.0,267657.0,403433.0,394030.0,159774.0,303420.0,2003
31,383660.0,0.0,354734.0,0.0,243963.0,0.0,344659.0,167190.0,0.0,267411.0,0.0,142241.0,2003
1,92165.0,178608.0,331122.0,383028.0,155249.0,387847.0,391328.0,184544.0,399009.0,382546.0,110921.0,431614.0,2004
2,157715.0,404792.0,393683.0,394551.0,161422.0,398771.0,366480.0,397790.0,394549.0,269195.0,336617.0,287939.0,2004
3,175804.0,392590.0,416477.0,268171.0,385497.0,383281.0,291833.0,398816.0,414008.0,171315.0,400662.0,269279.0,2004
4,148092.0,401380.0,379001.0,161051.0,370344.0,377691.0,180506.0,393945.0,295329.0,364830.0,397943.0,310303.0,2004
5,376392.0,384379.0,401678.0,375409.0,399697.0,278525.0,406980.0,403028.0,185748.0,403430.0,426729.0,208257.0,2004
6,371051.0,394366.0,274533.0,365494.0,373845.0,152016.0,394467.0,424924.0,399054.0,400140.0,291069.0,417034.0,2004
7,386262.0,291693.0,173047.0,0.0,378342.0,361539.0,397703.0,291885.0,406016.0,371051.0,179751.0,452179.0,2004
8,370463.0,172459.0,372945.0,0.0,262213.0,371056.0,396412.0,167189.0,410078.0,425441.0,412330.0,434586.0,2004
9,411869.0,394923.0,410812.0,0.0,135058.0,381677.0,409805.0,391083.0,386234.0,290597.0,407706.0,417089.0,2004
10,279988.0,411493.0,403868.0,0.0,116789.0,370023.0,289265.0,401318.0,415823.0,184693.0,412815.0,432657.0,2004
11,164258.0,396026.0,372884.0,112162.0,342046.0,391364.0,176050.0,404652.0,287820.0,400947.0,393083.0,340493.0,2004
12,394666.0,392371.0,410138.0,364403.0,377802.0,257423.0,407073.0,322520.0,179976.0,386522.0,435933.0,215227.0,2004
13,369536.0,413390.0,276075.0,370853.0,367651.0,164546.0,396247.0,401002.0,393506.0,403613.0,302989.0,424266.0,2004
14,386971.0,310119.0,176471.0,374570.0,398267.0,374462.0,400465.0,293156.0,389717.0,375401.0,197189.0,412509.0,2004
15,395867.0,210955.0,402425.0,377980.0,261043.0,393432.0,400816.0,185379.0,412532.0,405185.0,207206.0,426265.0,2004
16,415662.0,396720.0,395530.0,395598.0,166014.0,400742.0,428449.0,432192.0,392327.0,304579.0,422555.0,452926.0,2004
17,283707.0,397835.0,383979.0,260049.0,376573.0,388767.0,297522.0,388227.0,412145.0,189460.0,439382.0,421203.0,2004
18,174198.0,395888.0,388291.0,158738.0,361167.0,411177.0,175938.0,422561.0,297398.0,364394.0,409200.0,330562.0,2004
19,398963.0,383580.0,439442.0,403719.5,384868.0,286044.0,402149.0,357924.0,187998.0,423265.0,421684.0,235418.0,2004
20,412825.0,390191.0,270248.0,380842.5,344110.0,164911.0,397228.0,404395.0,389978.0,405515.0,320656.0,438110.0,2004
21,403467.0,279983.0,168599.0,386543.0,359269.0,390554.0,397876.0,248262.0,402582.0,363328.0,193012.0,432740.0,2004
22,379296.0,167803.0,390043.0,365414.0,263219.0,389089.0,388145.0,175874.0,401344.0,340505.0,417292.0,406309.0,2004
23,403277.0,393378.0,375281.0,384025.0,153865.0,397191.0,405732.0,394076.0,414872.0,310954.0,390686.0,419160.0,2004
24,279069.0,395583.0,394321.0,257068.0,377112.0,380584.0,290648.0,393041.0,387787.0,171862.0,438561.0,215634.0,2004
25,163337.0,220104.0,375853.0,158126.0,385547.0,410297.0,171613.0,322029.0,284622.0,408144.0,361701.0,161328.0,2004
26,395754.0,390673.0,383481.0,379639.0,396655.0,295631.0,388706.0,310104.0,180266.0,380986.0,445657.0,183356.0,2004
27,391710.0,411069.0,276584.0,363667.0,368313.0,174584.0,394912.0,393387.0,378470.0,385717.0,319828.0,223729.0,2004
28,401863.0,288275.0,166906.0,384522.0,389257.0,311391.0,403826.0,287512.0,379747.0,388278.0,192013.0,359746.0,2004
29,377518.0,176975.0,364539.0,359719.0,271653.0,375666.0,382583.0,174607.0,385397.0,425562.0,189222.0,359622.0,2004
30,396464.0,0.0,338595.0,414760.0,174434.0,372823.0,421837.0,395140.0,378694.0,264702.0,419301.0,211895.0,2004
31,292983.0,0.0,374465.0,0.0,394214.0,0.0,299004.0,402511.0,0.0,210821.0,0.0,141516.0,2004
1,105539.0,438803.0,402166.0,403862.0,183236.0,411535.0,427590.0,414126.0,415363.0,302855.0,122010.0,430225.0,2005
2,159458.0,422558.0,430933.0,291949.0,206728.0,404792.0,309332.0,403796.0,449557.0,199329.0,367843.0,458208.0,2005
3,376333.0,393487.0,382505.0,167164.0,426327.0,415031.0,185431.0,429873.0,309211.0,412293.0,380582.0,337488.0,2005
4,382150.0,424072.0,421645.0,413156.0,412016.0,295023.0,418579.0,397986.0,194452.0,417254.0,227633.0,224595.0,2005
5,412453.0,299248.0,290146.0,403954.0,410340.0,179066.0,390597.0,418045.0,433847.0,438283.0,250714.0,440316.0,2005
6,373809.0,195146.0,194429.0,417114.0,408465.0,386378.0,395352.0,296535.0,424861.0,417494.0,180450.0,413249.0,2005
7,412006.0,416759.0,411971.0,395318.0,266424.0,389742.0,403160.0,185125.0,465203.0,425256.0,384283.0,451932.0,2005
8,297012.0,379842.0,405690.0,393469.0,166636.0,374936.0,446426.0,409263.0,408541.0,267383.0,354157.0,357604.0,2005
9,184858.0,398876.0,413155.0,232791.0,391570.0,397823.0,352008.0,412855.0,442463.0,194934.0,414086.0,445127.0,2005
10,409501.0,391504.0,401915.0,174076.0,403941.0,405158.0,186807.0,422284.0,315004.0,437473.0,406020.0,283123.0,2005
11,410580.0,408788.0,425573.0,391494.0,396717.0,281928.0,420698.0,395744.0,194223.0,421184.0,434322.0,284509.0,2005
12,418657.0,319847.0,294738.0,400044.0,378844.0,149074.0,411782.0,415395.0,386906.0,408582.0,317947.0,442996.0,2005
13,415148.0,190885.0,182550.0,408453.0,382521.0,198413.0,427312.0,305988.0,437003.0,401841.0,195915.0,363519.0,2005
14,432293.0,407047.0,407764.0,386326.0,277018.0,411977.0,402398.0,195243.0,420412.0,428228.0,397846.0,511131.0,2005
15,304027.0,403118.0,417191.0,403819.0,174342.0,424422.0,366901.0,428982.0,431440.0,321045.0,444155.0,442003.0,2005
16,197515.0,408358.0,427002.0,282312.0,410738.0,413242.0,298509.0,415896.0,413677.0,217118.0,437302.0,442236.0,2005
17,409539.0,386898.0,414167.0,177276.0,387974.0,403774.0,214327.0,427149.0,323365.0,421716.0,411407.0,316115.0,2005
18,414260.0,411150.0,426065.0,364942.0,418367.0,317206.0,415260.0,410156.0,206600.0,407684.0,432988.0,53818.0,2005
19,411422.0,292679.0,318131.0,409119.0,401298.0,183188.0,419252.0,402331.0,416530.0,423325.0,352397.0,391470.0,2005
20,379903.0,184891.0,147556.0,418277.0,398488.0,402131.0,439709.0,299795.0,431680.0,419627.0,216054.0,454739.0,2005
21,447254.0,405592.0,417772.0,404223.0,271238.0,412668.0,410937.0,192887.0,440946.0,411990.0,416381.0,433929.0,2005
22,297236.0,420109.0,403441.0,401805.0,177877.0,399613.0,432401.0,414981.0,284976.0,328360.0,422925.0,422991.0,2005
23,188291.0,410622.0,343717.0,272358.0,391122.0,415559.0,301265.0,454174.0,445266.0,165277.0,447966.0,416346.0,2005
24,409712.0,418093.0,0.0,171949.0,377920.0,410058.0,183945.0,430254.0,284544.0,396421.0,416280.0,343296.0,2005
25,417794.0,244174.0,0.0,388331.0,424276.0,310608.0,189113.0,428532.0,206024.0,370412.0,455265.0,245377.0,2005
26,417506.0,263411.0,0.0,391519.0,383003.0,183679.0,402138.0,433595.0,418729.0,395064.0,324633.0,0.0,2005
27,393167.0,184265.0,126382.0,411536.0,403020.0,412509.0,392578.0,286238.0,417553.0,380492.0,72213.0,374736.0,2005
28,415528.0,421182.0,385361.0,394054.0,282893.0,401508.0,382666.0,179857.0,428665.0,397593.0,237817.0,374322.0,2005
29,301018.0,0.0,374163.0,411527.0,179104.0,417340.0,400352.0,347224.0,411750.0,207951.0,437665.0,320178.0,2005
30,169073.0,0.0,408316.0,303682.0,379464.0,414139.0,256358.0,432923.0,440754.0,251180.0,434284.0,287241.0,2005
31,404493.0,0.0,403099.0,0.0,415948.0,0.0,231634.0,439798.0,0.0,174143.0,0.0,159028.0,2005
1,134830.0,458662.0,445630.0,312014.0,195762.0,405139.0,324653.0,419582.0,448773.0,154945.0,185774.0,223589.0,2006
2,333588.0,421882.0,430662.0,205445.0,457502.0,459258.0,196435.0,441099.0,324105.0,430796.0,388742.0,318625.0,2006
3,407858.0,452204.0,438405.0,433720.0,439344.0,306522.0,424923.0,421698.0,214337.0,393276.0,423238.0,227002.0,2006
4,412720.0,311947.0,318666.0,422839.0,410260.0,210602.0,419532.0,446349.0,425295.0,437150.0,306749.0,458188.0,2006
5,401756.0,223940.0,204582.0,440561.0,435297.0,419059.0,446599.0,323196.0,413897.0,396967.0,199969.0,457639.0,2006
6,433718.0,438975.0,438571.0,404321.0,301191.0,419675.0,412416.0,215375.0,435341.0,440263.0,452813.0,463709.0,2006
7,313673.0,427389.0,433106.0,437737.0,196849.0,434895.0,432929.0,424764.0,419687.0,326026.0,433743.0,438229.0,2006
8,203674.0,449928.0,426242.0,294871.0,427962.0,406307.0,294954.0,436085.0,433214.0,197727.0,444788.0,453492.0,2006
9,398250.0,407954.0,418045.0,189859.0,425422.0,445470.0,207438.0,428980.0,326942.0,413033.0,433090.0,345283.0,2006
10,422558.0,457707.0,444701.0,419366.0,427387.0,302831.0,431906.0,417610.0,210235.0,427054.0,460976.0,229229.0,2006
11,437833.0,318800.0,315105.0,415574.0,413655.0,195151.0,419740.0,446399.0,422079.0,441263.0,319925.0,430946.0,2006
12,420555.0,205491.0,195734.0,370822.0,414973.0,154725.0,364125.0,315878.0,416919.0,439298.0,210998.0,450981.0,2006
13,435655.0,420879.0,428409.0,0.0,258696.0,426559.0,359320.0,191857.0,439888.0,445637.0,439645.0,472942.0,2006
14,322667.0,440726.0,418878.0,0.0,186008.0,411303.0,423032.0,409735.0,417208.0,321122.0,443071.0,455182.0,2006
15,211707.0,448102.0,447866.0,0.0,413537.0,439005.0,326767.0,414333.0,444554.0,211324.0,463067.0,487735.0,2006
16,441462.0,432165.0,437608.0,170499.0,447775.0,444824.0,210528.0,435046.0,335247.0,443329.0,438257.0,368937.0,2006
17,430893.0,446899.0,445455.0,412680.0,427877.0,317226.0,433329.0,418950.0,215236.0,423342.0,459298.0,266110.0,2006
18,439413.0,318149.0,305850.0,430823.0,430777.0,205590.0,423097.0,436659.0,436531.0,450704.0,372394.0,462339.0,2006
19,425377.0,206182.0,211697.0,456058.0,435408.0,423762.0,408626.0,307338.0,392853.0,410956.0,205627.0,457306.0,2006
20,451019.0,437125.0,433545.0,413541.0,304691.0,415459.0,459710.0,198444.0,408798.0,455433.0,455550.0,466337.0,2006
21,303202.0,432253.0,426723.0,422965.0,200723.0,436834.0,441428.0,205413.0,453192.0,324895.0,452488.0,455175.0,2006
22,199842.0,452714.0,417953.0,363189.0,434482.0,406154.0,310375.0,446692.0,438954.0,205627.0,457986.0,466243.0,2006
23,434048.0,419596.0,422767.0,187171.0,422719.0,441686.0,180192.0,429367.0,320401.0,437796.0,436491.0,338860.0,2006
24,425314.0,420409.0,428666.0,417424.0,457400.0,298953.0,307204.0,416254.0,203913.0,243023.0,455285.0,211918.0,2006
25,429730.0,269778.0,312458.0,434025.0,423559.0,200395.0,391672.0,435569.0,466916.0,454353.0,343579.0,195404.0,2006
26,415368.0,204030.0,200697.0,467758.0,426048.0,425835.0,431471.0,309154.0,418216.0,425630.0,222392.0,240444.0,2006
27,441678.0,411367.0,418526.0,403388.0,301161.0,420177.0,410479.0,193572.0,430233.0,448224.0,455237.0,419035.0,2006
28,319203.0,433976.0,424795.0,462681.0,199753.0,428600.0,426199.0,406131.0,49729.0,336278.0,438513.0,395535.0,2006
29,201921.0,0.0,423060.0,312296.0,429294.0,413533.0,289701.0,429102.0,0.0,199635.0,465245.0,409008.0,2006
30,433226.0,0.0,394666.0,205582.0,421618.0,452360.0,213110.0,413420.0,261047.0,384482.0,419567.0,247709.0,2006
31,455715.0,0.0,434396.0,0.0,436316.0,0.0,420130.0,440127.0,0.0,401947.0,0.0,162370.0,2006
1,141016.0,425837.0,447758.0,217333.0,250371.0,438295.0,223923.0,474485.0,352874.0,468797.0,179479.0,345771.0,2007
2,355995.0,445860.0,459860.0,442141.0,465980.0,348020.0,439244.0,446642.0,234110.0,472838.0,212462.0,243232.0,2007
3,441916.0,330610.0,333803.0,409467.0,434291.0,221653.0,466687.0,458676.0,465532.0,491047.0,259272.0,496474.0,2007
4,406497.0,229259.0,218108.0,422213.0,462583.0,466908.0,462464.0,350681.0,461112.0,468788.0,205352.0,482690.0,2007
5,451797.0,446062.0,455742.0,0.0,313651.0,440113.0,449491.0,221776.0,483251.0,509295.0,471545.0,492370.0,2007
6,334931.0,428688.0,449458.0,0.0,213947.0,460839.0,456021.0,433346.0,456344.0,358595.0,462239.0,479519.0,2007
7,210202.0,441164.0,442056.0,0.0,443924.0,439092.0,332307.0,422942.0,472623.0,221518.0,480443.0,515465.0,2007
8,456532.0,429153.0,403892.0,0.0,440405.0,462558.0,211337.0,386795.0,358774.0,467051.0,442617.0,379541.0,2007
9,457383.0,451803.0,430808.0,162362.0,444423.0,322605.0,456211.0,394393.0,237219.0,482364.0,497145.0,255788.0,2007
10,457303.0,351752.0,326279.0,440771.0,438792.0,205580.0,462615.0,479724.0,465109.0,491229.0,347919.0,494128.0,2007
11,418053.0,219034.0,210067.0,436744.0,452061.0,226956.0,449950.0,344032.0,461803.0,504885.0,214090.0,480506.0,2007
12,475193.0,449176.0,439124.0,432903.0,317147.0,297177.0,450160.0,209145.0,454712.0,305476.0,477646.0,503904.0,2007
13,345791.0,445510.0,433143.0,455015.0,194905.0,449270.0,471345.0,463609.0,467967.0,334171.0,468001.0,471378.0,2007
14,201173.0,460597.0,448524.0,317545.0,171083.0,451645.0,345175.0,448127.0,488785.0,225210.0,460041.0,521065.0,2007
15,453773.0,436259.0,446552.0,196366.0,417705.0,493010.0,241422.0,447536.0,348359.0,489825.0,455900.0,404692.0,2007
16,447462.0,460650.0,431691.0,452836.0,453152.0,347406.0,470989.0,432404.0,243159.0,482951.0,500095.0,310173.0,2007
17,472621.0,340218.0,334962.0,450928.0,434447.0,220527.0,446013.0,402908.0,461570.0,479566.0,377177.0,498905.0,2007
18,437873.0,217587.0,210757.0,447843.0,446836.0,465567.0,478461.0,278701.0,468045.0,481837.0,243035.0,501444.0,2007
19,455903.0,452588.0,438549.0,434225.0,316082.0,455748.0,433378.0,210439.0,445921.0,480873.0,476454.0,508929.0,2007
20,334262.0,434156.0,444269.0,453974.0,208308.0,468943.0,487276.0,262390.0,488196.0,332320.0,498772.0,464207.0,2007
21,214997.0,450079.0,448722.0,312972.0,444110.0,453383.0,345992.0,489903.0,475521.0,209535.0,477483.0,539813.0,2007
22,358440.0,432075.0,431736.0,195817.0,436123.0,478345.0,222685.0,479755.0,346604.0,486183.0,475577.0,365997.0,2007
23,439600.0,453111.0,436306.0,438609.0,451718.0,287337.0,442137.0,462789.0,222877.0,439952.0,494197.0,211865.0,2007
24,449650.0,319795.0,323801.0,441115.0,432892.0,211919.0,452264.0,485937.0,461635.0,453436.0,342468.0,221118.0,2007
25,430301.0,210548.0,204440.0,449212.0,445751.0,443233.0,460759.0,349453.0,483120.0,444005.0,237212.0,214061.0,2007
26,465514.0,449611.0,447819.0,421373.0,321561.0,452544.0,445281.0,218445.0,480919.0,488475.0,463317.0,360925.0,2007
27,329624.0,438783.0,426395.0,463272.0,217383.0,457532.0,452554.0,233402.0,476866.0,340217.0,463506.0,432010.0,2007
28,212412.0,452579.0,459161.0,315095.0,435716.0,437312.0,336578.0,466813.0,501109.0,211430.0,506761.0,443515.0,2007
29,445072.0,0.0,414267.0,196964.0,435161.0,475832.0,219293.0,463267.0,345354.0,209609.0,514090.0,327034.0,2007
30,442416.0,0.0,468723.0,440230.0,449164.0,347570.0,443388.0,455442.0,239882.0,446385.0,310732.0,211702.0,2007
31,459531.0,0.0,319697.0,0.0,445576.0,0.0,489680.0,489554.0,0.0,470997.0,0.0,184268.0,2007
1,110192.0,496150.0,358578.0,473962.0,274414.0,252782.0,485100.0,488953.0,482906.0,261054.0,190397.0,273023.0,2008
2,397889.0,348464.0,231854.0,483520.0,486246.0,474364.0,466124.0,360058.0,479518.0,478853.0,213145.0,507355.0,2008
3,435271.0,231437.0,469549.0,454974.0,323486.0,479539.0,442153.0,249625.0,471470.0,507647.0,441818.0,495686.0,2008
4,454534.0,466930.0,491624.0,487748.0,220067.0,473906.0,490396.0,473879.0,471435.0,357326.0,475222.0,471006.0,2008
5,330697.0,476218.0,496438.0,345511.0,471519.0,483120.0,355491.0,478523.0,493645.0,231110.0,487197.0,498044.0,2008
6,218580.0,489912.0,464628.0,211946.0,470167.0,486242.0,259442.0,493475.0,357342.0,518574.0,452948.0,416379.0,2008
7,475154.0,459899.0,498048.0,239869.0,476142.0,344637.0,468890.0,474011.0,240428.0,465237.0,480913.0,245724.0,2008
8,473893.0,484928.0,353720.0,480448.0,461775.0,188900.0,447680.0,490096.0,474109.0,475272.0,325608.0,478187.0,2008
9,490839.0,337779.0,230258.0,467754.0,498560.0,242756.0,493932.0,347190.0,470328.0,449645.0,218852.0,482838.0,2008
10,465305.0,223146.0,478680.0,477489.0,326643.0,479448.0,466815.0,260251.0,469212.0,467580.0,457673.0,496893.0,2008
11,502950.0,469214.0,416049.0,461560.0,196141.0,488404.0,470705.0,463596.0,455801.0,374031.0,469996.0,484324.0,2008
12,328346.0,463151.0,488468.0,350113.0,410343.0,290583.0,349784.0,474226.0,486074.0,232573.0,442021.0,501537.0,2008
13,221956.0,466930.0,454643.0,209930.0,436925.0,479074.0,223162.0,486746.0,360676.0,464140.0,451097.0,394346.0,2008
14,477105.0,470343.0,463960.0,457650.0,488472.0,341452.0,456680.0,468838.0,244047.0,449632.0,443146.0,272766.0,2008
15,480501.0,493331.0,378831.0,500542.0,490560.0,237614.0,454678.0,502064.0,487889.0,527530.0,397628.0,492482.0,2008
16,498088.0,372593.0,216635.0,498004.0,488729.0,474203.0,463818.0,365588.0,481326.0,471154.0,254265.0,507041.0,2008
17,463965.0,230508.0,463239.0,475781.0,304577.0,478571.0,466010.0,235736.0,485482.0,492781.0,500363.0,505913.0,2008
18,471918.0,469294.0,467891.0,476250.0,256083.0,456475.0,477073.0,261495.0,465718.0,360960.0,489229.0,490592.0,2008
19,366345.0,465468.0,456642.0,365044.0,470816.0,457908.0,366056.0,465486.0,491821.0,240660.0,494089.0,498945.0,2008
20,225488.0,484032.0,0.0,222873.0,491917.0,481598.0,239898.0,456012.0,360758.0,461926.0,485350.0,372848.0,2008
21,475249.0,464403.0,0.0,485472.0,475659.0,331864.0,483210.0,458098.0,237663.0,482076.0,493579.0,268869.0,2008
22,475118.0,472777.0,0.0,484136.0,478225.0,21631.0,480551.0,507374.0,466860.0,479695.0,363941.0,485331.0,2008
23,477850.0,357637.0,0.0,474215.0,485976.0,424526.0,469530.0,365699.0,463412.0,454226.0,261912.0,470116.0,2008
24,474477.0,222306.0,444796.0,465829.0,336654.0,478015.0,485340.0,217611.0,469101.0,464547.0,481287.0,371302.0,2008
25,497828.0,286608.0,453459.0,494146.0,217882.0,510343.0,476630.0,251140.0,467917.0,363972.0,486883.0,202850.0,2008
26,353162.0,473666.0,455351.0,338030.0,481730.0,463045.0,366168.0,495141.0,478491.0,235920.0,500264.0,272419.0,2008
27,217603.0,486850.0,482864.0,208968.0,461989.0,483849.0,219895.0,478094.0,361201.0,477940.0,514904.0,273411.0,2008
28,478450.0,466556.0,464071.0,476885.0,472523.0,353436.0,450466.0,470644.0,208717.0,459361.0,506628.0,212256.0,2008
29,468649.0,509636.0,325212.0,478539.0,481910.0,210984.0,459941.0,490460.0,469942.0,480425.0,391462.0,263254.0,2008
30,478915.0,0.0,208934.0,499976.0,494302.0,484251.0,489915.0,364555.0,495928.0,452475.0,257829.0,245532.0,2008
31,473944.0,0.0,467660.0,0.0,340482.0,0.0,472196.0,227106.0,0.0,465587.0,0.0,177916.0,2008
1,127298.0,241185.0,230882.0,498061.0,307232.0,457997.0,494814.0,355693.0,515893.0,472283.0,185257.0,492283.0,2009
2,229137.0,493540.0,471035.0,473586.0,309735.0,483864.0,463542.0,250715.0,497392.0,457268.0,243694.0,502922.0,2009
3,474086.0,482317.0,487136.0,483897.0,204541.0,476921.0,478762.0,475915.0,472283.0,257293.0,490833.0,498186.0,2009
4,199787.0,493693.0,482315.0,347251.0,474876.0,443145.0,357638.0,501562.0,503392.0,243527.0,486643.0,510301.0,2009
5,451847.0,491164.0,471025.0,233745.0,478907.0,486431.0,226216.0,262749.0,369355.0,504078.0,485860.0,395257.0,2009
6,469569.0,510668.0,507380.0,262196.0,491718.0,307654.0,480663.0,468940.0,266581.0,507253.0,517580.0,272321.0,2009
7,485825.0,357563.0,355318.0,459636.0,406828.0,235635.0,473457.0,491421.0,257323.0,500026.0,382514.0,477289.0,2009
8,453748.0,230460.0,263509.0,416238.0,514030.0,487624.0,460013.0,374458.0,480570.0,434150.0,250799.0,480869.0,2009
9,498750.0,486918.0,464759.0,0.0,371214.0,477367.0,456769.0,248998.0,476898.0,501775.0,494022.0,509839.0,2009
10,350329.0,503477.0,479030.0,0.0,233825.0,474203.0,501069.0,492947.0,483458.0,375189.0,488122.0,487993.0,2009
11,247967.0,506862.0,477711.0,0.0,454582.0,470436.0,388575.0,496639.0,507995.0,261506.0,491127.0,516430.0,2009
12,469719.0,483278.0,454663.0,0.0,486982.0,219169.0,225855.0,474536.0,353725.0,486733.0,486072.0,408793.0,2009
13,470825.0,508122.0,482919.0,461600.0,475387.0,318899.0,468962.0,527227.0,236852.0,466023.0,524164.0,280862.0,2009
14,511247.0,370068.0,357899.0,468993.0,456626.0,216064.0,469077.0,501136.0,469966.0,512120.0,396869.0,488378.0,2009
15,486483.0,245889.0,230702.0,502203.0,490024.0,472317.0,514351.0,381650.0,560637.0,465928.0,250180.0,500432.0,2009
16,507865.0,477381.0,509560.0,456393.0,350070.0,460197.0,449783.0,217986.0,512034.0,540457.0,499487.0,518718.0,2009
17,361646.0,498786.0,469032.0,465034.0,231346.0,468318.0,413332.0,492253.0,496381.0,372211.0,501706.0,490533.0,2009
18,230910.0,495663.0,482150.0,333972.0,462155.0,453229.0,363179.0,435018.0,522305.0,290419.0,479273.0,474444.0,2009
19,483670.0,467785.0,477125.0,222561.0,467731.0,479563.0,231928.0,488329.0,379438.0,486061.0,479005.0,418771.0,2009
20,472034.0,512475.0,483046.0,465281.0,483989.0,399356.0,507396.0,503376.0,233817.0,540905.0,519095.0,279449.0,2009
21,511867.0,345252.0,354091.0,470114.0,456787.0,234156.0,497032.0,322283.0,276186.0,498543.0,384330.0,491332.0,2009
22,481722.0,232551.0,234497.0,461742.0,476205.0,484072.0,481143.0,334687.0,504570.0,473577.0,257204.0,491811.0,2009
23,509402.0,464588.0,478444.0,474566.0,326941.0,471051.0,463360.0,239032.0,510407.0,497166.0,475685.0,464344.0,2009
24,354648.0,480685.0,468260.0,482065.0,229360.0,454603.0,509040.0,480719.0,484730.0,314374.0,488939.0,248942.0,2009
25,221979.0,500408.0,485643.0,327775.0,456261.0,447807.0,353839.0,475691.0,528384.0,258409.0,493626.0,214812.0,2009
26,479007.0,480693.0,458752.0,221942.0,462093.0,491406.0,235172.0,491769.0,300621.0,499391.0,490891.0,257483.0,2009
27,491195.0,496609.0,478989.0,464934.0,481311.0,353282.0,443153.0,493372.0,181419.0,500355.0,506767.0,248858.0,2009
28,490628.0,368371.0,346166.0,459694.0,449634.0,231111.0,477238.0,499695.0,363282.0,493265.0,392092.0,417369.0,2009
29,496042.0,0.0,226104.0,496808.0,478262.0,470108.0,479244.0,383026.0,461941.0,481224.0,263657.0,421779.0,2009
30,484708.0,0.0,472660.0,469959.0,357719.0,476662.0,461964.0,248492.0,486721.0,497703.0,289548.0,243897.0,2009
31,387226.0,0.0,477341.0,0.0,236373.0,0.0,508749.0,271144.0,0.0,145902.0,0.0,194186.0,2009
1,139850.0,495391.0,495063.0,0.0,331935.0,483783.0,475884.0,249568.0,511759.0,505462.0,422416.0,533098.0,2010
2,229728.0,488295.0,499166.0,0.0,228600.0,494201.0,472821.0,477649.0,477291.0,375483.0,443752.0,496934.0,2010
3,214940.0,500554.0,500491.0,0.0,260751.0,470649.0,396227.0,491573.0,519277.0,248574.0,500965.0,535646.0,2010
4,474541.0,476445.0,474460.0,0.0,496952.0,494497.0,234546.0,481674.0,370546.0,458613.0,492571.0,391318.0,2010
5,461126.0,519856.0,494491.0,446767.0,492654.0,336038.0,473844.0,492344.0,265203.0,501663.0,516519.0,265271.0,2010
6,503986.0,372069.0,359405.0,471637.0,476797.0,202731.0,503629.0,493638.0,494366.0,502719.0,372209.0,499409.0,2010
7,467744.0,242562.0,239403.0,484123.0,494284.0,501975.0,489985.0,340998.0,491937.0,495741.0,235777.0,495270.0,2010
8,501251.0,493578.0,472740.0,487176.0,361310.0,479480.0,478350.0,230491.0,488425.0,518797.0,501633.0,504183.0,2010
9,370554.0,488414.0,479151.0,283214.0,214905.0,465797.0,487314.0,494706.0,513342.0,360802.0,499508.0,499487.0,2010
10,236715.0,497292.0,483543.0,312402.0,185214.0,460626.0,367590.0,498862.0,325061.0,266312.0,485723.0,529280.0,2010
11,494796.0,487421.0,466874.0,215640.0,460504.0,481718.0,239046.0,495785.0,336454.0,483078.0,491662.0,403878.0,2010
12,490687.0,505715.0,463907.0,485716.0,459486.0,176277.0,472363.0,481617.0,238185.0,482545.0,502257.0,280246.0,2010
13,482394.0,379747.0,361436.0,482491.0,483074.0,235006.0,469583.0,502901.0,476726.0,473135.0,408583.0,495876.0,2010
14,455712.0,214089.0,216724.0,478259.0,488036.0,239323.0,66379.0,380045.0,489925.0,466843.0,231374.0,476509.0,2010
15,494604.0,491880.0,497363.0,485609.0,356074.0,510598.0,467976.0,240765.0,512927.0,552509.0,516912.0,541954.0,2010
16,354150.0,497899.0,474312.0,497858.0,234229.0,486793.0,514906.0,504370.0,504859.0,382788.0,318007.0,512309.0,2010
17,234140.0,502688.0,460476.0,373008.0,481509.0,508190.0,348959.0,478575.0,528320.0,257494.0,530170.0,526264.0,2010
18,459843.0,467532.0,475349.0,232474.0,478100.0,490600.0,228340.0,490759.0,366944.0,470207.0,504147.0,394739.0,2010
19,475662.0,501336.0,497373.0,480977.0,492786.0,385980.0,504594.0,457875.0,240614.0,401063.0,519025.0,288121.0,2010
20,460227.0,369867.0,353742.0,496921.0,479539.0,238965.0,489848.0,513679.0,509568.0,494015.0,391064.0,494179.0,2010
21,486226.0,247188.0,255370.0,498206.0,478203.0,495695.0,477075.0,317091.0,489986.0,494723.0,253075.0,509274.0,2010
22,496749.0,451540.0,476186.0,483977.0,350608.0,466789.0,471588.0,229446.0,484794.0,514087.0,516482.0,506244.0,2010
23,378219.0,477610.0,468746.0,492200.0,219566.0,479937.0,493994.0,477749.0,494815.0,365001.0,502794.0,494499.0,2010
24,245412.0,517008.0,482052.0,334585.0,482311.0,473355.0,361589.0,486072.0,521063.0,238293.0,508483.0,267252.0,2010
25,496653.0,498832.0,473923.0,242075.0,472920.0,507870.0,225827.0,478132.0,381468.0,239041.0,479291.0,215495.0,2010
26,482880.0,501191.0,489811.0,486893.0,474249.0,351508.0,450268.0,509071.0,241222.0,511366.0,539171.0,246497.0,2010
27,497846.0,355398.0,348583.0,474602.0,462679.0,233557.0,496226.0,509999.0,498053.0,500292.0,390209.0,279039.0,2010
28,483606.0,239003.0,212951.0,477889.0,491520.0,488339.0,477381.0,349207.0,484957.0,504978.0,260311.0,454367.0,2010
29,501997.0,0.0,483000.0,464300.0,351583.0,503100.0,444992.0,251653.0,498268.0,526558.0,281951.0,421165.0,2010
30,335748.0,0.0,460920.0,503470.0,238818.0,134415.0,506044.0,269907.0,479896.0,355098.0,507279.0,406546.0,2010
31,256353.0,0.0,438275.0,0.0,484189.0,0.0,374491.0,508024.0,0.0,238351.0,0.0,209664.0,2010
1,153372.0,506164.0,471434.0,490458.0,226679.0,518963.0,529469.0,501071.0,507327.0,172161.0,193263.0,534021.0,2011
2,221945.0,489889.0,478007.0,354580.0,480247.0,488633.0,395782.0,472138.0,533484.0,245621.0,457682.0,555240.0,2011
3,451472.0,470226.0,512872.0,240876.0,482400.0,516677.0,259520.0,507955.0,388507.0,505749.0,523654.0,419802.0,2011
4,491378.0,506197.0,501280.0,483480.0,488761.0,346949.0,499607.0,479598.0,250917.0,504849.0,523875.0,249939.0,2011
5,506431.0,370289.0,367800.0,486493.0,461227.0,250341.0,509545.0,530646.0,508871.0,521782.0,376959.0,534704.0,2011
6,476178.0,231773.0,240701.0,500924.0,501997.0,489057.0,500772.0,377461.0,506251.0,501171.0,246131.0,533335.0,2011
7,526514.0,476965.0,485967.0,489514.0,330726.0,486995.0,507123.0,249507.0,517389.0,533769.0,292039.0,532097.0,2011
8,360176.0,482793.0,502923.0,514600.0,206003.0,457212.0,532139.0,499036.0,502931.0,375306.0,539169.0,531401.0,2011
9,238727.0,453166.0,475985.0,304515.0,444403.0,451031.0,368879.0,519182.0,510117.0,245853.0,531063.0,544885.0,2011
10,506415.0,492953.0,488809.0,239754.0,500937.0,512066.0,240356.0,517934.0,402676.0,517316.0,511289.0,431442.0,2011
11,509732.0,485368.0,501390.0,491086.0,497756.0,359317.0,485269.0,488130.0,256084.0,509013.0,540629.0,300057.0,2011
12,503228.0,356872.0,361144.0,499258.0,471840.0,186551.0,483544.0,492408.0,503334.0,526015.0,388604.0,548785.0,2011
13,498108.0,234509.0,242004.0,502107.0,511002.0,472089.0,510650.0,403775.0,518095.0,463340.0,241202.0,543302.0,2011
14,521444.0,487629.0,471494.0,493480.0,354026.0,509553.0,510819.0,279407.0,507964.0,577015.0,499489.0,551700.0,2011
15,374810.0,491802.0,510605.0,513430.0,228055.0,515431.0,546995.0,535344.0,523120.0,404133.0,530206.0,560341.0,2011
16,261578.0,476319.0,505724.0,367297.0,485000.0,507076.0,411008.0,515545.0,536713.0,283231.0,536099.0,556826.0,2011
17,493150.0,494166.0,485068.0,239008.0,497000.0,521970.0,259613.0,508974.0,395988.0,513886.0,532600.0,448467.0,2011
18,480058.0,530486.0,506220.0,489811.0,489243.0,387502.0,515022.0,526716.0,268642.0,497788.0,534657.0,314624.0,2011
19,515654.0,376869.0,354174.0,472908.0,476586.0,216832.0,507716.0,499380.0,467140.0,532025.0,413375.0,536064.0,2011
20,475656.0,240060.0,259183.0,465367.0,492642.0,266873.0,528923.0,386338.0,525091.0,501568.0,291514.0,524408.0,2011
21,505656.0,480310.0,483777.0,0.0,364796.0,517102.0,492674.0,248011.0,530381.0,533470.0,526124.0,526571.0,2011
22,361916.0,495597.0,486678.0,0.0,235462.0,490951.0,527109.0,514215.0,501779.0,382332.0,496522.0,528904.0,2011
23,234024.0,485189.0,484007.0,0.0,474348.0,493233.0,380960.0,488843.0,519878.0,254293.0,557069.0,526270.0,2011
24,474550.0,508199.0,474317.0,0.0,488728.0,385904.0,262363.0,518533.0,391522.0,511293.0,523577.0,283651.0,2011
25,512600.0,510148.0,502272.0,463194.0,496943.0,292262.0,485600.0,538200.0,256633.0,529724.0,540460.0,244410.0,2011
26,489507.0,379077.0,365274.0,466884.0,499404.0,238261.0,473236.0,525276.0,477542.0,529326.0,409263.0,422409.0,2011
27,457129.0,227528.0,232390.0,451563.0,490362.0,511168.0,416140.0,358240.0,97802.0,511710.0,281819.0,467141.0,2011
28,500152.0,481400.0,476326.0,452396.0,356583.0,512809.0,499269.0,242145.0,453659.0,547244.0,530467.0,477425.0,2011
29,359976.0,0.0,488766.0,472140.0,237069.0,508565.0,545526.0,263328.0,499138.0,382795.0,555819.0,471358.0,2011
30,243296.0,0.0,489756.0,347315.0,480837.0,503202.0,377058.0,294072.0,545988.0,239000.0,366603.0,237507.0,2011
31,476683.0,0.0,478954.0,0.0,506085.0,0.0,253850.0,517676.0,0.0,247578.0,0.0,203883.0,2011
1,168980.0,555035.0,535650.0,240077.0,308966.0,555237.0,267650.0,560114.0,451756.0,574480.0,230388.0,441284.0,2012
2,429076.0,532057.0,559488.0,539170.0,550388.0,402496.0,533408.0,551763.0,284745.0,566311.0,275577.0,305760.0,2012
3,501922.0,552901.0,404068.0,490204.0,545702.0,277369.0,479231.0,578642.0,558469.0,539891.0,317852.0,588967.0,2012
4,506575.0,403313.0,261107.0,503650.0,560537.0,528293.0,555613.0,433009.0,579091.0,536182.0,261450.0,566424.0,2012
5,507024.0,261835.0,538642.0,0.0,397740.0,529670.0,554915.0,271508.0,574514.0,552454.0,577207.0,609137.0,2012
6,516067.0,531759.0,538600.0,0.0,264747.0,542179.0,573937.0,559288.0,578757.0,434470.0,579988.0,590608.0,2012
7,420294.0,451868.0,550347.0,0.0,538395.0,514539.0,414408.0,155396.0,593521.0,290288.0,591090.0,614868.0,2012
8,245087.0,517305.0,532290.0,0.0,546157.0,548534.0,266584.0,295177.0,453155.0,560867.0,553398.0,472617.0,2012
9,519590.0,532848.0,541341.0,233171.0,548685.0,396218.0,549648.0,426534.0,284731.0,585934.0,619807.0,305845.0,2012
10,535427.0,554874.0,393114.0,519963.0,525841.0,254169.0,574851.0,566650.0,579532.0,590557.0,446267.0,586515.0,2012
11,539664.0,400219.0,255841.0,539137.0,559238.0,520094.0,550969.0,421196.0,579767.0,567516.0,298166.0,583887.0,2012
12,526242.0,252674.0,524036.0,523304.0,372800.0,224046.0,579283.0,266300.0,583356.0,587711.0,577319.0,595398.0,2012
13,544725.0,515914.0,523340.0,560319.0,267582.0,539383.0,594047.0,590686.0,571861.0,444533.0,572810.0,591006.0,2012
14,412340.0,536687.0,533208.0,391872.0,510432.0,526938.0,443293.0,557265.0,590478.0,290215.0,591025.0,608761.0,2012
15,270779.0,549637.0,517820.0,258156.0,547506.0,577808.0,289008.0,606969.0,450789.0,582546.0,566661.0,485694.0,2012
16,526594.0,520554.0,560959.0,539161.0,549323.0,413573.0,547767.0,563874.0,268672.0,573003.0,619459.0,332046.0,2012
17,526939.0,562878.0,424297.0,539813.0,549504.0,265239.0,584593.0,622880.0,582854.0,590678.0,480082.0,581087.0,2012
18,546085.0,407036.0,270316.0,541471.0,538130.0,512290.0,555715.0,466607.0,586884.22656,565152.0,310691.0,598568.0,2012
19,535052.0,270410.0,527266.0,510813.0,387564.0,559252.0,574320.0,284310.0,563337.0,610082.0,572300.0,604729.0,2012
20,548432.0,517620.0,535716.0,527003.0,263512.0,559442.0,548652.0,331132.0,578177.0,451836.0,583158.0,588748.0,2012
21,412846.0,545371.0,522590.0,365303.0,539966.0,541521.0,359587.0,324756.0,597268.0,296478.0,593364.0,599255.0,2012
22,261107.0,538989.0,503531.0,254763.0,523978.0,566485.0,260418.0,608453.0,454323.0,547840.0,572928.0,453140.0,2012
23,292347.0,523521.0,563879.0,525940.0,545888.0,410018.0,543068.0,578637.0,281217.0,592645.0,590626.0,328826.0,2012
24,540607.0,550553.0,386944.0,525049.0,516006.0,264437.0,558459.0,595212.0,582024.0,560786.0,452930.0,256649.0,2012
25,520745.0,412195.0,262293.0,542527.0,550552.0,540917.0,585210.0,438396.0,585498.0,599807.0,299973.0,257316.0,2012
26,545255.0,254920.0,526093.0,546194.0,386571.0,544150.0,561643.0,282889.0,584742.0,380907.0,577714.0,484530.0,2012
27,557153.0,516077.0,527911.0,556855.0,247994.0,538262.0,589682.0,319725.0,566171.0,395592.0,586410.0,506426.0,2012
28,394426.0,574281.0,529792.0,384525.0,520368.0,530736.0,431644.0,587052.0,571809.0,283331.0,594476.0,522500.0,2012
29,261350.0,543016.0,495730.0,258750.0,534750.0,569741.0,274498.0,587958.0,432660.0,576259.0,600385.0,391169.0,2012
30,539982.0,0.0,554252.0,521070.0,537926.0,405853.0,459612.0,579838.0,304640.0,567011.0,399883.0,204761.0,2012
31,540949.0,0.0,391990.0,0.0,526240.0,0.0,560505.0,600083.0,0.0,583141.0,0.0,203827.0,2012
1,181222.0,578820.0,576856.0,514938.0,336453.0,422327.0,581686.0,586149.0,277498.0,587135.0,253621.0,307531.0,2013
2,476252.0,428838.0,359620.0,540635.0,551756.0,247252.0,552586.0,612596.0,572361.0,574859.0,271200.0,550186.0,2013
3,509964.0,278295.0,267633.0,555031.0,560951.0,546145.0,560469.0,440719.0,524759.0,548744.0,293944.0,616265.0,2013
4,543636.0,564351.0,562138.0,515674.0,408593.0,547669.0,568839.0,280724.0,556040.0,615734.0,548421.0,570218.0,2013
5,408704.0,568209.0,555313.0,556033.0,269993.0,544060.0,588493.0,575654.0,589591.0,439909.0,565169.0,571896.0,2013
6,276066.0,532576.0,576375.0,392310.0,553361.0,551398.0,436429.0,547223.0,548699.0,290163.0,597087.0,609863.0,2013
7,568895.0,546003.0,539223.0,255954.0,552811.0,566796.0,283151.0,582322.0,450245.0,541997.0,564642.0,424605.0,2013
8,583442.0,575662.0,530865.0,538454.0,461639.0,407508.0,537758.0,615322.0,275091.0,574667.0,511585.0,322771.0,2013
9,592343.0,402288.0,431672.0,323697.0,548549.0,257330.0,578837.0,357761.0,549109.0,569270.0,448501.0,567666.0,2013
10,556365.0,293743.0,291564.0,553620.0,565115.0,528828.0,577295.0,385640.0,614133.0,589185.0,271389.0,579437.0,2013
11,585008.0,544436.0,543890.0,551152.0,391320.0,561882.0,555493.0,267431.0,585900.0,559726.0,540523.0,561455.0,2013
12,408164.0,558093.0,549419.0,554445.0,266543.0,238349.0,573547.0,497490.0,576806.0,360333.0,588064.0,562277.0,2013
13,270083.0,560530.0,550739.0,405982.0,226417.0,552386.0,431494.0,564561.0,594989.0,279143.0,563498.0,588228.0,2013
14,563877.0,576370.0,536370.0,275956.0,518686.0,551836.0,273573.0,583955.0,453798.0,553206.0,590068.0,453485.0,2013
15,581662.0,584122.0,575693.0,557321.0,563394.0,444889.0,567386.0,575789.0,271970.0,359325.0,612564.0,330172.0,2013
16,559820.0,431980.0,429284.0,564299.0,546219.0,267009.0,582644.0,609796.0,544919.0,595874.0,465279.0,586568.0,2013
17,556927.0,292497.0,288613.0,555341.0,557032.0,575416.0,574699.0,421388.0,576039.0,586145.0,309736.0,589668.0,2013
18,575723.0,564910.0,539812.0,526122.0,402591.0,558142.0,573353.0,254726.0,560200.0,575077.0,526573.0,573813.0,2013
19,433027.0,562483.0,476790.0,556950.0,268637.0,558950.0,598925.0,333277.0,563223.0,430808.0,563088.0,585455.0,2013
20,280665.0,571942.0,545930.0,406748.0,555052.0,556120.0,436446.0,207367.0,585934.0,294236.0,548138.0,610946.0,2013
21,550667.0,560096.0,530410.0,255374.0,547286.0,581366.0,281105.0,218048.0,431803.0,568736.0,616313.0,455020.0,2013
22,552473.0,518874.0,551680.0,541733.0,549747.0,415942.0,552349.0,508004.0,225091.0,577172.0,603091.0,313068.0,2013
23,564327.0,419832.0,405241.0,543525.0,551675.0,289303.0,579546.0,592014.0,406279.0,566640.0,445821.0,525327.0,2013
24,531014.0,273310.0,262827.0,544301.0,548618.0,534302.0,567742.0,412482.0,584723.0,558015.0,272349.0,298497.0,2013
25,564580.0,543038.0,536985.0,527687.0,405318.0,608486.0,574492.0,281393.0,589152.0,621913.0,548863.0,256597.0,2013
26,431230.0,568900.0,538844.0,565509.0,262226.0,575364.0,600291.0,318169.0,578077.0,433093.0,544677.0,482708.0,2013
27,255878.0,566030.0,523055.0,393360.0,537036.0,574662.0,428013.0,580711.0,586839.0,286061.0,566027.0,528943.0,2013
28,557374.0,572403.0,0.0,259903.0,537530.0,586042.0,270136.0,588133.0,444541.0,288121.0,548620.0,401004.0,2013
29,545387.0,0.0,0.0,537781.0,569594.0,435314.0,562550.0,573401.0,288745.0,573272.0,607076.0,283705.0,2013
30,563647.0,0.0,0.0,567780.0,540902.0,256221.0,550001.0,620963.0,569029.0,546219.0,394704.0,210126.0,2013
31,564045.0,0.0,0.0,0.0,591754.0,0.0,601608.0,444503.0,0.0,546611.0,0.0,220882.0,2013
1,195089.0,419109.0,449778.0,490259.0,313443.0,283610.0,572018.0,582959.0,467141.0,554740.0,204813.0,518213.0,2014
2,460305.0,275274.0,293162.0,512304.0,527380.0,522611.0,553119.0,430249.0,510567.0,494203.0,225710.0,525794.0,2014
3,515462.0,572155.0,555507.0,512129.0,379614.0,491003.0,563748.0,278727.0,525394.0,544457.0,498423.0,522577.0,2014
4,388761.0,565869.0,555738.0,535710.0,256569.0,514877.0,561954.0,578137.0,483555.0,403175.0,501365.0,526923.0,2014
5,275516.0,570365.0,569432.0,419908.0,521546.0,514859.0,434458.0,567963.0,526061.0,271331.0,530140.0,555683.0,2014
6,580021.0,555702.0,553420.0,276646.0,524896.0,547785.0,275295.0,583239.0,393432.0,296187.0,521996.0,422192.0,2014
7,570347.0,580123.0,575076.0,512659.0,520579.0,402674.0,567958.0,571954.0,246171.0,535896.0,534534.0,273669.0,2014
8,580404.0,444079.0,436770.0,531302.0,517068.0,263011.0,565708.0,597103.0,509983.0,527628.0,407367.0,268698.0,2014
9,575683.0,283849.0,279868.0,311904.0,529574.0,516834.0,562873.0,445759.0,500354.0,523126.0,257952.0,378660.0,2014
10,605421.0,574843.0,539347.0,477377.0,418219.0,538473.0,565026.0,277744.0,511073.0,531191.0,507502.0,469101.0,2014
11,443124.0,567856.0,554367.0,494090.0,270794.0,561998.0,594709.0,554101.0,502547.0,402279.0,520972.0,500881.0,2014
12,282063.0,578611.0,548047.0,401917.0,519851.0,231039.0,436703.0,567912.0,540801.0,248799.0,523992.0,522758.0,2014
13,560213.0,550709.0,544331.0,249828.0,523413.0,539099.0,274534.0,518063.0,408000.0,511230.0,507775.0,429003.0,2014
14,536672.0,614807.0,581904.0,516615.0,522874.0,412165.0,563427.0,500473.0,233083.0,519789.0,531749.0,314406.0,2014
15,552580.0,475357.0,450167.0,465535.0,521287.0,274431.0,543173.0,522933.0,456634.0,528394.0,424099.0,499549.0,2014
16,567031.0,302515.0,292348.0,536040.0,542231.0,550382.0,14195.0,410977.0,531591.0,520553.0,286582.0,514454.0,2014
17,589825.0,582985.0,561966.0,0.0,412569.0,554970.0,518821.0,249950.0,525064.0,553069.0,511894.0,511593.0,2014
18,443451.0,578689.0,552977.0,0.0,269939.0,557731.0,596559.0,536822.0,510114.0,405002.0,515738.0,470989.0,2014
19,281354.0,593204.0,550719.0,0.0,530417.0,544042.0,425854.0,492351.0,264706.0,259980.0,510857.0,514948.0,2014
20,557065.0,576872.0,544856.0,0.0,532523.0,567851.0,285533.0,540513.0,354196.0,519817.0,503129.0,409348.0,2014
21,545223.0,596057.0,581763.0,504168.0,530710.0,439313.0,539614.0,341351.0,249584.0,517666.0,533619.0,295460.0,2014
22,576105.0,453070.0,289965.0,514833.0,532627.0,272567.0,533076.0,520123.0,512576.0,488552.0,422948.0,484845.0,2014
23,559819.0,287617.0,272986.0,505795.0,541587.0,545292.0,557158.0,153212.0,532729.0,509286.0,267846.0,478148.0,2014
24,587835.0,562235.0,462900.0,529190.0,402319.0,550572.0,506654.0,231020.0,521255.0,526115.0,484557.0,236950.0,2014
25,430405.0,552171.0,502893.0,543138.0,269118.0,562729.0,596700.0,264847.0,497995.0,400038.0,507385.0,215949.0,2014
26,271893.0,572685.0,454024.0,401708.0,518655.0,564368.0,423360.0,500262.0,535882.0,264907.0,514078.0,275005.0,2014
27,549886.0,555690.0,365953.0,255760.0,537351.0,567498.0,266682.0,472672.0,410615.0,517026.0,507451.0,298392.0,2014
28,560922.0,595990.0,470144.0,516692.0,546233.0,424257.0,538364.0,502565.0,254721.0,517464.0,548350.0,248031.0,2014
29,558639.0,0.0,397064.0,508585.0,530680.0,272563.0,334207.0,523201.0,515223.0,508782.0,436449.0,372879.0,2014
30,579278.0,0.0,264553.0,529533.0,556813.0,560306.0,580709.0,406977.0,530653.0,512536.0,298108.0,220020.0,2014
31,402975.0,0.0,485027.0,0.0,426295.0,0.0,576355.0,262268.0,0.0,510609.0,0.0,186724.0,2014
1,117127.0,204772.0,114845.0,351024.99999999994,212220.00000000003,315400.97766015696,370748.0,302246.00000000006,374616.00000000006,334902.0,137487.0,390797.0,2015
2,243500.0,406667.99999999994,406628.00000000006,0.0,246067.00000000006,323955.9283419291,335255.0000000001,181174.0,347033.0,325794.0,318576.0,386462.0,2015
3,261647.0,406976.99999999994,408197.00000000006,0.0,152724.0,330062.9284533639,352844.0,376104.00000000006,369703.0,222956.0,373726.0,387283.0,2015
4,208443.0,414005.99999999994,405024.9999999999,0.0,375470.00000000006,326348.9781495469,254649.99999999997,337696.99999999994,374482.0,156565.0,386391.0,394668.0,2015
5,419817.0,374642.00000000006,391820.0000000002,0.0,412342.00000000006,339141.9759338475,161311.99999999994,382435.9999999999,281818.0,336339.0,370382.0,325155.0,2015
6,417893.0,411827.99999999994,422573.0,380751.0,405485.0,251578.0,321314.0,360959.99999999994,194887.00000000003,350129.0,393974.0,214044.0,2015
7,409289.0,309555.0,293697.99999999994,404971.0,402612.99999999994,161940.70374669036,348753.00000000006,399771.0,361718.99999999994,360413.0,288980.0,382584.0,2015
8,420362.0,196220.99999999997,154879.99999999997,422992.99999999994,395169.9999999999,333996.9779039556,313099.0,274447.99999999994,356340.99999999994,348911.0,181733.0,387106.0,2015
9,430020.0,393265.0,396611.00000000006,242921.99999999997,293356.0,335534.92849882034,277475.00000000006,167899.99999999997,370810.0,366835.0,368801.0,372404.0,2015
10,307613.0,389327.99999999994,410184.99999999994,416192.0,183908.0,347359.92722454335,341144.00000000006,346179.0,374900.99999999994,268258.0,360447.0,397181.0,2015
11,208132.0,399385.00000000006,393164.99999999994,284836.00000000006,344469.0,371707.97254934866,274639.99999999994,377493.00000000006,351812.0,173455.0,379902.0,402688.0,2015
12,435697.0,388736.0,397270.0,178014.99999999997,380800.00000000006,153021.53656519708,168685.99999999997,359744.0,291906.0,346213.0,371635.0,311293.0,2015
13,438305.0,414031.0,422227.00000000006,404758.00000000006,391047.00000000006,227125.0,377271.0,361477.00000000006,185881.99999999997,351762.0,401468.0,229243.0,2015
14,448636.0,326046.99999999994,316517.0,412462.0,370041.0,156951.99999999997,364919.00000000006,378204.99999999994,357633.9934200695,356730.0,317909.0,374893.0,2015
15,265768.0,211613.0,187579.0,423162.99999999994,384814.99999999994,340674.00000000006,373277.0,295074.0,380781.99999999994,359310.0,202142.0,348727.0,2015
16,250199.0,373091.0,398458.0,402725.99999999994,301295.0,350157.00000000006,399279.0,184581.00000000003,368085.99999999994,399285.0,382652.0,343197.0,2015
17,260968.0,401261.00000000006,398819.00000000006,422300.00000000006,190733.0,328462.0,243179.99999999994,376404.0,356389.00000000006,274358.0,378369.0,392864.0,2015
18,186689.0,411843.00000000006,388521.99999999994,292048.00000000006,360396.0,346295.0,258632.99999999997,363198.99999999994,374925.0,125239.0,239941.0,408680.0,2015
19,247207.0,246405.0,399788.99999999994,181127.0,356036.0000000001,345346.00000000006,181015.99999999997,348892.00000000006,224782.00000000003,305787.0,222519.0,284726.0,2015
20,444341.0,407479.00000000006,420996.9999999999,395313.00000000006,367450.99999999994,263648.99999999994,384916.0,398841.0,193627.99999999997,362530.0,329515.0,237477.0,2015
21,403198.0,275489.0,301416.00000000006,355635.00000000006,366530.0,160970.6663885967,366087.0000000001,221231.0,355325.9999999999,368297.0,269113.0,386352.0,2015
22,427705.0,190888.00000000003,144024.99999999997,414155.00000000006,332810.99999999994,343287.97784121323,367004.99999999994,232749.0,353223.99999999994,359869.0,188820.0,381671.0,2015
23,410840.0,389162.99999999994,406932.00000000006,392660.99999999994,267361.00000000006,347303.976810447,352186.0,168037.00000000003,328922.99999999994,386938.0,387104.0,397090.0,2015
24,324903.0,415580.0,397916.00000000006,422473.99999999994,171331.0,353796.92254234175,393024.0,362352.00000000006,367599.9999999999,273464.0,387979.0,206165.0,2015
25,215715.0,455164.0000000001,407077.99999999994,295545.00000000006,329877.00000000006,344070.92432604684,286971.0,372703.99999999994,249762.99999999997,186578.0,396168.0,161510.0,2015
26,422291.0,418576.0,375957.0,186349.00000000006,336561.0,359916.9746610751,175816.99999999997,358404.0000000001,246642.00000000003,356021.0,388165.0,210965.0,2015
27,420317.0,402298.0,404780.99999999994,398958.00000000006,360825.00000000006,285557.99999999994,342693.00000000006,378881.0,174023.0,372996.0,410417.0,184783.0,2015
28,424373.0,280687.0,298148.00000000006,402847.99999999994,329016.00000000006,169683.64702042,368153.0,416564.00000000006,336065.00000000006,370380.0,315950.0,319409.0,2015
29,403498.0,0.0,185056.0,397688.99999999994,356507.0,330606.99999999994,383012.00000000006,317886.0,348049.00000000006,370735.0,201203.0,322809.0,2015
30,440869.0,0.0,401990.0,392477.99999999994,250595.00000000003,372797.6064410942,362297.0,269711.00000000006,357925.0,370527.0,228567.0,170539.0,2015
31,332707.0,0.0,400440.0,0.0,171677.0,0.0,390788.0,264761.00000000006,0.0,243396.0,0.0,141245.0,2015
1,106936.0,382975.0,403345.0,398512.0,195516.0,409018.0,443208.0,444655.0,439277.0,349421.0,167666.0,490006.0,2016
2,177050.0,382910.0,399016.0,288511.0,386434.0,391274.0,302344.0,449648.0,462068.0,220113.0,406761.0,513071.0,2016
3,178390.0,381996.0,396556.0,183379.0,396441.0,414812.0,192348.0,450833.0,325914.0,445930.0,452402.0,373176.0,2016
4,345458.0,372291.0,403032.0,388328.0,383553.0,291913.0,417340.0,438731.0,195374.0,461939.0,470136.0,240275.0,2016
5,356991.0,406903.0,301370.0,394661.0,394425.0,193495.0,441873.0,466542.0,424210.0,458117.0,339572.0,485088.0,2016
6,357782.0,291465.0,190498.0,400857.0,420236.0,389459.0,249855.0,328202.0,444466.0,468482.0,200637.0,493099.0,2016
7,355968.0,183088.0,384557.0,388218.0,294061.0,403554.0,428288.0,203436.0,445159.0,483472.0,455238.0,508567.0,2016
8,250252.0,218942.0,342136.0,398057.0,170339.0,383005.0,386683.0,409099.0,440048.0,337928.0,463715.0,486696.0,2016
9,278926.0,392505.0,389206.0,237089.0,161052.0,404338.0,290336.0,402838.0,463573.0,211198.0,469172.0,515771.0,2016
10,183690.0,399745.0,389354.0,175943.0,374424.0,414666.0,187887.0,424622.0,332245.0,438462.0,471604.0,392152.0,2016
11,372256.0,389185.0,399480.0,384306.0,391344.0,297265.0,428799.0,444905.0,200122.0,460639.0,496324.0,266120.0,2016
12,359348.0,415029.0,294897.0,388821.0,385737.0,146053.0,443090.0,489220.0,233509.0,459153.0,359853.0,487610.0,2016
13,371954.0,322023.0,186279.0,400078.0,410718.0,381437.0,439422.0,279402.0,458609.0,453937.0,220047.0,489536.0,2016
14,366434.0,213227.0,380630.0,388969.0,288421.0,392281.0,436653.0,183926.0,452108.0,475814.0,461158.0,506997.0,2016
15,411914.0,376111.0,397862.0,409691.0,188778.0,404476.0,478213.0,417717.0,463144.0,362292.0,474751.0,516034.0,2016
16,306195.0,397111.0,397101.0,296564.0,401837.0,406741.0,331282.0,445300.0,477379.0,195067.0,495249.0,517929.0,2016
17,180675.0,398764.0,390747.0,191777.0,401794.0,434524.0,210090.0,462193.0,342286.0,448539.0,480499.0,402277.0,2016
18,376502.0,392740.0,408243.0,391490.0,411296.0,301410.0,436932.0,453956.0,213603.0,459283.0,509492.0,284947.0,2016
19,379350.0,404834.0,308072.0,393872.0,393434.0,191823.0,433887.0,444700.0,433039.0,461554.0,373245.0,488215.0,2016
20,394242.0,301007.0,188577.0,399823.0,410566.0,400141.0,441606.0,333199.0,443279.0,416088.0,233748.0,500957.0,2016
21,382111.0,187156.0,386902.0,384977.0,288155.0,406391.0,438916.0,206223.0,450067.0,481133.0,468172.0,496431.0,2016
22,415819.0,390725.0,391872.0,404823.0,187568.0,402317.0,457209.0,447373.0,441738.0,335893.0,483052.0,471977.0,2016
23,287154.0,396731.0,384578.0,285274.0,391446.0,402879.0,318468.0,461035.0,486306.0,223322.0,478460.0,497503.0,2016
24,185961.0,416189.0,0.0,179517.0,397630.0,420372.0,172988.0,455884.0,334315.0,459192.0,470338.0,228117.0,2016
25,381331.0,268466.0,0.0,355396.0,400427.0,299201.0,410913.0,464152.0,212089.0,447625.0,491579.0,188392.0,2016
26,382840.0,418778.0,0.0,386664.0,393107.0,185939.0,439390.0,489526.0,443915.0,478202.0,351424.0,211432.0,2016
27,383176.0,300969.0,0.0,391543.0,410809.0,402188.0,439470.0,328767.0,459312.0,471978.0,231406.0,421753.0,2016
28,381679.0,190484.0,367847.0,383857.0,287378.0,408429.0,435809.0,203636.0,443027.0,501738.0,474675.0,404719.0,2016
29,414993.0,403844.0,383334.0,416818.0,174136.0,416872.0,465735.0,238270.0,445239.0,344947.0,507515.0,419003.0,2016
30,293663.0,0.0,387214.0,296564.0,339777.0,416918.0,334465.0,459101.0,494874.0,206342.0,324483.0,204312.0,2016
31,193130.0,0.0,376544.0,0.0,390135.0,0.0,206226.0,460355.0,0.0,203723.0,0.0,163211.0,2016
1,138750.0,485427.0,489077.0,332832.0,195791.0,448030.0,332461.0,463091.0,294000.0,220356.0,167686.0,439523.0,2017
2,222873.0,468509.0,472200.0,212348.0,473437.0,448342.0,198889.0,455875.0,307246.0,445302.0,388745.0,327882.0,2017
3,426830.0,498423.0,495795.0,466570.0,464252.0,319851.0,444243.0,453245.0,208622.0,471614.0,444534.0,221102.0,2017
4,449262.0,346690.0,339299.0,474597.0,451045.0,203962.0,439154.0,485522.0,453604.0,458431.0,295975.0,409139.0,2017
5,449942.0,219420.0,217812.0,464527.0,473341.0,418844.0,419372.0,336825.0,453490.0,453412.0,203288.0,426704.0,2017
6,482890.0,459807.0,464195.0,463079.0,323952.0,436858.0,445384.0,215488.0,466761.0,484426.0,413970.0,432760.0,2017
7,335994.0,477206.0,469424.0,486196.0,204620.0,440963.0,471978.0,453685.0,453315.0,332093.0,412858.0,422914.0,2017
8,216028.0,480857.0,401483.0,331921.0,446327.0,434518.0,323369.0,460001.0,475805.0,212333.0,422280.0,423450.0,2017
9,457510.0,470387.0,467557.0,200787.0,448228.0,461448.0,200270.0,448387.0,330810.0,446079.0,434577.0,334032.0,2017
10,479170.0,506001.0,493372.0,454702.0,456347.0,299614.0,446581.0,452139.0,209481.0,451128.0,450403.0,232140.0,2017
11,472940.0,346100.0,339727.0,438782.0,449562.0,184322.0,445701.0,464401.0,422675.0,463378.0,398352.0,418702.0,2017
12,463778.0,218714.0,212367.0,438434.0,428218.0,166761.0,438925.0,332299.0,320817.0,452212.0,241987.0,412501.0,2017
13,494674.0,457275.0,460081.0,0.0,320168.0,430962.0,447837.0,207177.0,442829.0,496565.0,256978.0,413376.0,2017
14,359510.0,490069.0,448674.0,0.0,209180.0,412679.0,467372.0,422198.0,459428.0,346798.0,246691.0,404239.0,2017
15,222502.0,485139.0,482597.0,0.0,437639.0,373269.0,344748.0,446053.0,488994.0,235412.0,260624.0,428193.0,2017
16,462491.0,482906.0,476809.0,0.0,439776.0,427105.0,214152.0,464924.0,353738.0,370938.0,420014.0,345032.0,2017
17,474930.0,499895.0,495170.0,421071.0,435471.0,315318.0,445251.0,462274.0,221528.0,406960.0,410099.0,251476.0,2017
18,477499.0,346049.0,349437.0,434269.0,431585.0,195561.0,456549.0,489083.0,452925.0,476653.0,318006.0,407248.0,2017
19,472483.0,219185.0,214284.0,443554.0,448596.0,429650.0,452330.0,326517.0,469231.0,458919.0,208344.0,424305.0,2017
20,503866.0,460751.0,458978.0,447011.0,310355.0,432309.0,448097.0,209102.0,482067.0,486911.0,419139.0,399563.0,2017
21,347243.0,470942.0,467114.0,468488.0,206388.0,442754.0,472392.0,238436.0,407536.0,351141.0,428945.0,413230.0,2017
22,211832.0,472047.0,470153.0,320421.0,427110.0,434125.0,320196.0,445185.0,488265.0,226039.0,412164.0,409328.0,2017
23,459597.0,482074.0,455263.0,200380.0,434009.0,451617.0,202741.0,460511.0,345773.0,422489.0,399299.0,294178.0,2017
24,471940.0,494724.0,477572.0,440843.0,433362.0,315946.0,414207.0,454621.0,216450.0,461593.0,411389.0,168115.0,2017
25,479236.0,310472.0,319158.0,458453.0,430390.0,195079.0,457537.0,488772.0,446827.0,470648.0,318909.0,168867.0,2017
26,473598.0,211068.0,210415.0,477057.0,450992.0,224529.0,443473.0,322255.0,470055.0,458881.0,208992.0,293603.0,2017
27,495835.0,413960.0,449836.0,470757.0,309006.0,454243.0,386416.0,205020.0,464067.0,477885.0,396791.0,365046.0,2017
28,293863.0,468312.0,460296.0,257014.0,203325.0,443227.0,442653.0,240657.0,464091.0,346082.0,416324.0,353016.0,2017
29,213581.0,0.0,462173.0,289738.0,415739.0,425794.0,319246.0,459712.0,492629.0,215818.0,429502.0,360139.0,2017
30,452037.0,0.0,452511.0,194336.0,441712.0,484431.0,209312.0,463505.0,354940.0,441913.0,275372.0,163012.0,2017
31,480188.0,0.0,484973.0,0.0,452536.0,0.0,461666.0,485754.0,0.0,235169.0,0.0,120496.0,2017
1,125183.0,316834.0,264315.0,0.0,165902.0,340948.0,170558.0,356668.0,267081.0,324616.0,145398.0,254674.0,2018
2,282285.0,288312.0,262612.0,281148.0,341388.0,240366.0,329118.0,351937.0,173212.0,336517.0,158433.0,190313.0,2018
3,374098.0,250047.0,221963.0,295179.0,326335.0,166651.0,336517.0,381091.0,338009.0,331484.0,188588.0,346303.0,2018
4,372161.0,170298.0,152621.0,306807.0,338150.0,305728.0,338992.0,269340.0,347934.0,328882.0,157032.0,341978.0,2018
5,383480.0,296325.0,267883.0,311649.0,238633.0,324857.0,332750.0,175514.0,352103.0,348685.0,340725.0,357779.0,2018
6,281703.0,274579.0,277142.0,334979.0,163613.0,326661.0,358948.0,351714.0,343550.0,249485.0,341817.0,351077.0,2018
7,184403.0,291410.0,280827.0,232037.0,319401.0,314565.0,258277.0,360459.0,354043.0,166756.0,345872.0,375465.0,2018
8,388239.0,278018.0,236059.0,148732.0,326163.0,343598.0,162698.0,350545.0,261143.0,332521.0,338590.0,264317.0,2018
9,376148.0,281767.0,300456.0,166413.0,325028.0,205458.0,322099.0,350536.0,171106.0,335308.0,358526.0,202046.0,2018
10,382905.0,238085.0,232476.0,343272.0,324494.0,132899.0,338780.0,372905.0,331121.0,341801.0,269380.0,345736.0,2018
11,351702.0,161138.0,153266.0,340300.0,340791.0,290348.0,345645.0,252948.0,334306.0,322867.0,183626.0,356152.0,2018
12,390325.0,258894.0,274978.0,333036.0,241420.0,125837.0,343341.0,137485.0,339293.0,348242.0,338890.0,356887.0,2018
13,290610.0,263463.0,285452.0,349417.0,152129.0,328075.0,371579.0,297881.0,331400.0,262340.0,343012.0,356239.0,2018
14,185061.0,286020.0,285294.0,252923.0,156065.0,328679.0,272030.0,349936.0,311489.0,172360.0,342900.0,379375.0,2018
15,371362.0,263219.0,291586.0,166727.0,326353.0,204363.0,174941.0,361475.0,138129.0,324553.0,352399.0,299523.0,2018
16,380158.0,200977.0,307048.0,333203.0,332758.0,222420.0,340469.0,344316.0,166381.0,340951.0,370386.0,228756.0,2018
17,379409.0,213528.0,235260.0,333617.0,325066.0,157175.0,310205.0,359363.0,348787.0,343705.0,281006.0,364618.0,2018
18,373531.0,153752.0,165187.0,330682.0,344775.0,337817.0,295185.0,269318.0,359052.0,333496.0,190018.0,371288.0,2018
19,383361.0,207364.0,282353.0,322547.0,243245.0,340950.0,358701.0,175820.0,351876.0,353552.0,346018.0,375155.0,2018
20,283040.0,220008.0,297100.0,353067.0,165053.0,344175.0,356344.0,326741.0,351851.0,265140.0,337012.0,368791.0,2018
21,180945.0,243552.0,295358.0,244392.0,319580.0,353944.0,254888.0,206947.0,362786.0,176051.0,346695.0,377857.0,2018
22,345471.0,247875.0,294399.0,159914.0,316326.0,360120.0,143043.0,341452.0,272442.0,329981.0,343085.0,277514.0,2018
23,340644.0,273989.0,316571.0,304804.0,325908.0,254039.0,320785.0,347724.0,176767.0,335266.0,356726.0,171259.0,2018
24,305429.0,226598.0,238109.0,322022.0,316307.0,162415.0,360105.0,365545.0,324680.0,339485.0,271811.0,148147.0,2018
25,340665.0,156548.0,155085.0,331258.0,333782.0,339238.0,363114.0,257954.0,346201.0,340624.0,184107.0,153336.0,2018
26,325002.0,259675.0,298330.0,328821.0,235551.0,337760.0,346949.0,166616.0,320769.0,360942.0,337587.0,265205.0,2018
27,255644.0,256036.0,292349.0,345471.0,157206.0,354458.0,372266.0,186248.0,337750.0,260968.0,346409.0,311219.0,2018
28,173497.0,261894.0,0.0,251069.0,299390.0,336195.0,265374.0,356488.0,360637.0,177581.0,353672.0,302540.0,2018
29,321922.0,0.0,0.0,158663.0,316058.0,364735.0,177070.0,340357.0,271424.0,332545.0,370518.0,204080.0,2018
30,318820.0,0.0,0.0,321175.0,328211.0,273779.0,352465.0,341067.0,183709.0,315067.0,239603.0,114811.0,2018
31,320570.0,0.0,0.0,0.0,326990.0,0.0,361583.0,360248.0,0.0,343210.0,0.0,111907.0,2018
1,111068.0,359139.0,344595.0,312273.0,179852.0,236296.0,293810.0,306695.0,154963.0,298967.0,120589.0,173668.0,2019
2,249746.0,254091.0,246793.0,318687.0,309544.0,157902.0,298088.0,307618.0,297647.0,265854.0,126849.0,290841.0,2019
3,310851.0,164619.0,162143.0,314793.0,301404.0,297212.0,310956.0,194238.0,305080.0,292894.0,140046.0,214625.0,2019
4,327192.0,327504.0,308569.0,313836.0,215341.0,309649.0,299556.0,155000.0,313031.0,296384.0,256229.0,292011.0,2019
5,231877.0,200176.0,313578.0,319103.0,148061.0,186552.0,313818.0,307570.0,307951.0,227615.0,297968.0,312400.0,2019
6,165444.0,347071.0,321143.0,231289.0,294133.0,312446.0,233049.0,318886.0,153734.0,150720.0,308170.0,318421.0,2019
7,336026.0,328685.0,319898.0,151766.0,305497.0,308471.0,154263.0,334685.0,223307.0,284946.0,297810.0,254040.0,2019
8,344015.0,327935.0,282228.0,308782.0,311447.0,217381.0,294594.0,310282.0,151892.0,302859.0,318621.0,182872.0,2019
9,340780.0,230664.0,243795.0,181928.0,303219.0,144077.0,305705.0,296752.0,300285.0,299621.0,240027.0,295756.0,2019
10,338626.0,148894.0,159153.0,332582.0,321759.0,292405.0,311647.0,231004.0,312705.0,300080.0,160160.0,324601.0,2019
11,354904.0,317925.0,317039.0,323627.0,225103.0,312036.0,300488.0,155344.0,310513.0,311919.0,297287.0,335793.0,2019
12,251190.0,324692.0,323472.0,331452.0,135306.0,132076.0,339552.0,172250.0,297615.0,247126.0,306754.0,319452.0,2019
13,158942.0,331095.0,324548.0,236988.0,137498.0,305284.0,238533.0,327766.0,300211.0,157908.0,304517.0,330312.0,2019
14,335880.0,320603.0,321585.0,150578.0,290707.0,310846.0,155887.0,320495.0,236501.0,293514.0,298560.0,278589.0,2019
15,347984.0,344353.0,342896.0,0.0,315236.0,226654.0,307450.0,313943.0,156526.0,273984.0,327332.0,209327.0,2019
16,351658.0,252317.0,250587.0,0.0,300837.0,148909.0,313816.0,333715.0,297940.0,310060.0,254811.0,325754.0,2019
17,344527.0,164483.0,166531.0,0.0,321470.0,302141.0,295276.0,236058.0,295882.0,304638.0,172002.0,325690.0,2019
18,346141.0,332137.0,308599.0,0.0,232637.0,304405.0,298954.0,153346.0,304484.0,315648.0,302442.0,332068.0,2019
19,255269.0,332733.0,317935.0,0.0,155092.0,296652.0,330952.0,287558.0,305252.0,243503.0,300382.0,313798.0,2019
20,161318.0,332454.0,323967.0,0.0,299119.0,277412.0,237811.0,311217.0,313491.0,164969.0,302011.0,333354.0,2019
21,331577.0,333527.0,319858.0,0.0,309004.0,314557.0,151003.0,183370.0,234724.0,297122.0,298105.0,250531.0,2019
22,340469.0,355222.0,340401.0,204573.0,311936.0,224299.0,297822.0,317248.0,155207.0,301111.0,327166.0,183813.0,2019
23,345315.0,250690.0,237544.0,251140.0,306552.0,147354.0,316257.0,318894.0,299837.0,300620.0,246582.0,290016.0,2019
24,339794.0,156007.0,157471.0,306386.0,315436.0,291353.0,317499.0,217621.0,305136.0,291065.0,163431.0,141835.0,2019
25,359447.0,179516.0,318014.0,302949.0,237738.0,307696.0,314026.0,144779.0,312418.0,317412.0,300281.0,126234.0,2019
26,253395.0,340749.0,324457.0,312989.0,157485.0,300758.0,317648.0,165598.0,308938.0,247951.0,309838.0,241800.0,2019
27,167825.0,337858.0,321629.0,226229.0,300754.0,307394.0,228857.0,297966.0,320218.0,161168.0,312079.0,273252.0,2019
28,328527.0,340331.0,321048.0,148353.0,310992.0,318298.0,150538.0,301743.0,239676.0,293734.0,307015.0,197909.0,2019
29,345535.0,0.0,331141.0,302530.0,314310.0,233340.0,303537.0,305536.0,162733.0,300287.0,326865.0,143031.0,2019
30,340859.0,0.0,243238.0,324140.0,310935.0,153298.0,308707.0,313447.0,270617.0,307754.0,214160.0,108784.0,2019
31,348137.0,0.0,164974.0,0.0,327724.0,0.0,312708.0,238154.0,0.0,282978.0,0.0,98049.0,2019
1,95691.0,206931.0,142363.0,0.0,0.0,25221.0,65604.0,48294.0,62168.0,69278.0,13403.0,119037.0,2020
2,226990.0,136948.0,293487.0,0.0,0.0,26020.0,65564.0,38925.0,59512.0,66390.0,51663.0,119162.0,2020
3,261975.0,287576.0,290180.0,0.0,0.0,29524.0,69930.0,69287.0,57646.0,65056.0,104346.0,116719.0,2020
4,187850.0,292511.0,290262.0,0.0,0.0,30894.0,0.0,0.0,61486.0,54928.0,99409.0,121741.0,2020
5,142809.0,288941.0,287456.0,0.0,0.0,34823.0,0.0,0.0,51881.0,72654.0,97712.0,102043.0,2020
6,298765.0,285751.0,303699.0,0.0,0.0,28039.0,50467.0,0.0,40784.0,70802.0,104135.0,79307.0,2020
7,301008.0,308740.0,207172.0,0.0,0.0,22473.0,0.0,0.0,63562.0,69117.0,87007.0,128368.0,2020
8,302455.0,212096.0,113599.0,0.0,0.0,44250.0,0.0,0.0,60730.0,68651.0,69421.0,87848.0,2020
9,306997.0,138465.0,270322.0,0.0,0.0,42918.0,0.0,0.0,59884.0,71145.0,107671.0,131189.0,2020
10,317838.0,294701.0,249940.0,0.0,0.0,44161.0,0.0,0.0,59445.0,31951.0,104249.0,119891.0,2020
11,223749.0,297584.0,234614.0,0.0,0.0,45624.0,0.0,0.0,62063.0,24103.0,102795.0,133317.0,2020
12,147816.0,298180.0,219620.0,0.0,0.0,31641.0,0.0,0.0,54149.0,71867.0,0.0,112511.0,2020
13,198366.0,296379.0,189923.0,0.0,0.0,38628.0,40008.0,0.0,43629.0,69507.0,92036.0,69863.0,2020
14,277941.0,318609.0,113838.0,0.0,0.0,31026.0,43281.0,0.0,67847.0,68679.0,0.0,134199.0,2020
15,312253.0,224585.0,36182.0,0.0,0.0,54257.0,45746.0,0.0,63766.0,70034.0,0.0,134334.0,2020
16,308733.0,119186.0,54388.0,0.0,0.0,53066.0,44995.0,0.0,59815.0,75589.0,114706.0,125386.0,2020
17,317515.0,292747.0,0.0,0.0,0.0,52803.0,49232.0,0.0,63827.0,69143.0,109311.0,134239.0,2020
18,221693.0,300348.0,0.0,0.0,0.0,51180.0,39818.0,0.0,63513.0,56331.0,110087.0,143336.0,2020
19,146556.0,299569.0,0.0,0.0,0.0,53198.0,30854.0,37129.0,56822.0,87616.0,108114.0,118123.0,2020
20,302261.0,289575.0,0.0,0.0,0.0,47043.0,53640.0,46675.0,47613.0,79058.0,117897.0,98385.0,2020
21,306390.0,309355.0,0.0,0.0,0.0,36139.0,50088.0,34122.0,67821.0,80961.0,98178.0,148563.0,2020
22,307720.0,211869.0,0.0,0.0,0.0,62171.0,50043.0,39069.0,64698.0,82048.0,75874.0,144201.0,2020
23,304519.0,137011.0,0.0,0.0,0.0,60412.0,49052.0,32304.0,64694.0,82751.0,121023.0,155149.0,2020
24,326564.0,285106.0,0.0,0.0,0.0,59776.0,52663.0,57923.0,62479.0,74875.0,114706.0,85040.0,2020
25,194213.0,172108.0,0.0,0.0,0.0,62248.0,43395.0,53764.0,66125.0,59325.0,117034.0,64390.0,2020
26,147478.0,311028.0,0.0,0.0,0.0,50892.0,33835.0,54567.0,59827.0,81593.0,116638.0,96277.0,2020
27,288597.0,296635.0,0.0,0.0,0.0,54184.0,55515.0,53895.0,48705.0,89364.0,125901.0,77951.0,2020
28,303115.0,312294.0,0.0,0.0,0.0,44410.0,53910.0,57245.0,69737.0,91669.0,0.0,133709.0,2020
29,300884.0,225162.0,0.0,0.0,0.0,67821.0,52708.0,49548.0,68225.0,88548.0,0.0,133806.0,2020
30,301804.0,0.0,0.0,0.0,0.0,66599.0,54406.0,37555.0,68289.0,97185.0,0.0,74533.0,2020
31,304799.0,0.0,0.0,0.0,0.0,0.0,40674.0,42330.0,0.0,82928.0,0.0,72465.0,2020
1,55727.0,162254.0,171717.0,0.0,83664.0,130612.0,143091.0,88495.0,115633.0,132155.0,80915.0,186111.0,2021
2,90637.0,155936.0,163126.0,0.0,69526.0,123358.0,144633.0,155585.0,113008.0,109550.0,138456.0,171519.0,2021
3,79520.0,156609.0,165502.0,0.0,125533.0,122155.0,124050.0,152546.0,118216.0,77868.0,150142.0,182982.0,2021
4,141882.0,151267.0,159690.0,0.0,113179.0,132981.0,94260.0,156345.0,93787.0,138074.0,144280.0,160902.0,2021
5,138096.0,161314.0,169229.0,69801.0,114167.0,111942.0,154417.0,156493.0,60500.0,126529.0,154098.0,122681.0,2021
6,141819.0,127569.0,140330.0,65255.0,111038.0,83609.0,145091.0,79753.0,118111.0,130078.0,128521.0,188746.0,2021
7,137511.0,96535.0,105572.0,64751.0,117164.0,135176.0,147490.0,61748.0,116945.0,127141.0,93455.0,170710.0,2021
8,144831.0,163692.0,145161.0,66346.0,98284.0,125860.0,145191.0,36314.0,102025.0,135545.0,158715.0,135936.0,2021
9,117132.0,153920.0,161355.0,41647.0,72222.0,127329.0,151977.0,79882.0,114046.0,110734.0,149282.0,184537.0,2021
10,88872.0,158544.0,160806.0,50311.0,126940.0,125821.0,130127.0,81995.0,124602.0,79548.0,152658.0,193891.0,2021
11,153049.0,163689.0,157103.0,34672.0,116564.0,142867.0,95592.0,85080.0,96074.0,141370.0,152094.0,170623.0,2021
12,147659.0,115796.0,163440.0,96552.0,120443.0,104319.0,157898.0,82574.0,62560.0,129635.0,162324.0,134558.0,2021
13,147327.0,119575.0,134026.0,93409.0,76929.0,83651.0,149488.0,91487.0,121641.0,130252.0,139466.0,192165.0,2021
14,144085.0,114252.0,98584.0,93484.0,126678.0,137379.0,150783.0,71000.0,112951.0,130528.0,103992.0,183734.0,2021
15,150548.0,168945.0,161333.0,94208.0,106548.0,133732.0,150791.0,41289.0,113890.0,143804.0,166764.0,189817.0,2021
16,125514.0,161598.0,154009.0,100004.0,80727.0,135213.0,159856.0,90580.0,115624.0,123266.0,162509.0,191485.0,2021
17,94063.0,160349.0,150273.0,80918.0,137328.0,129517.0,133239.0,88338.0,123044.0,88481.0,162218.0,200647.0,2021
18,157855.0,156500.0,143817.0,57760.0,125105.0,138787.0,98970.0,88224.0,100799.0,150141.0,159756.0,186595.0,2021
19,148213.0,164360.0,151926.0,110270.0,124624.0,118038.0,165523.0,83674.0,67268.0,140222.0,171322.0,137425.0,2021
20,146118.0,133720.0,120230.0,100985.0,121447.0,86381.0,102561.0,99355.0,129136.0,138742.0,149281.0,211014.0,2021
21,143321.0,99817.0,86298.0,99454.0,128900.0,135673.0,143391.0,74604.0,120620.0,136030.0,111903.0,202685.0,2021
22,154651.0,162095.0,139186.0,96381.0,108717.0,131745.0,141850.0,53588.0,120491.0,144176.0,174357.0,204497.0,2021
23,125047.0,157627.0,125810.0,104400.0,79442.0,130947.0,149247.0,115217.0,117321.0,121785.0,161951.0,223739.0,2021
24,92467.0,163845.0,122264.0,85340.0,135309.0,126180.0,85309.0,108610.0,126325.0,84158.0,165948.0,173411.0,2021
25,158335.0,108113.0,121367.0,61356.0,127794.0,136984.0,74440.0,110878.0,109032.0,146056.0,166426.0,141567.0,2021
26,149476.0,172665.0,127202.0,112783.0,124033.0,116743.0,156617.0,108890.0,73403.0,140269.0,176940.0,159042.0,2021
27,152202.0,138562.0,100003.0,103572.0,122455.0,84018.0,153692.0,115731.0,132552.0,143152.0,156744.0,209247.0,2021
28,148471.0,106157.0,67730.0,104032.0,131996.0,138164.0,146032.0,95061.0,124145.0,139957.0,111330.0,199922.0,2021
29,159119.0,0.0,58259.0,100759.0,113822.0,131007.0,141707.0,59176.0,123563.0,153292.0,185300.0,208235.0,2021
30,130863.0,0.0,0.0,117842.0,85575.0,135936.0,165358.0,71265.0,122571.0,133253.0,127823.0,156846.0,2021
31,98824.0,0.0,0.0,0.0,135610.0,0.0,135296.0,122934.0,0.0,96320.0,0.0,132937.0,2021
1,98208.0,127955.0,228532.0,309225.0,211855.0,362400.0,333761.0,321445.0,312728.0,277875.0,168476.0,341694.0,2022
2,136655.0,196521.0,230615.0,263756.0,325884.0,357925.0,263955.0,315161.0,319435.0,207786.0,280394.0,340137.0,2022
3,179792.0,186210.0,222331.0,206934.0,223345.0,368565.0,196943.0,317768.0,239091.0,320530.0,328845.0,291465.0,2022
4,160906.0,196951.0,236001.0,315281.0,345268.0,310896.0,321978.0,307961.0,185877.0,302196.0,328808.0,220567.0,2022
5,153183.0,164360.0,198203.0,296500.0,325910.0,243117.0,317351.0,316420.0,318368.0,328443.0,258971.0,336754.0,2022
6,143637.0,119670.0,149134.0,320844.0,339764.0,370276.0,320088.0,254513.0,321913.0,319630.0,197377.0,338071.0,2022
7,144565.0,203531.0,241571.0,314602.0,344020.0,370109.0,308905.0,188293.0,324543.0,332668.0,325296.0,355580.0,2022
8,114174.0,195039.0,234068.0,335993.0,201043.0,371227.0,336873.0,315910.0,318337.0,266104.0,328839.0,237999.0,2022
9,78471.0,195637.0,233845.0,245083.0,201182.0,365170.0,242609.0,314354.0,329855.0,198983.0,326410.0,357294.0,2022
10,146248.0,193406.0,233131.0,207736.0,325146.0,381814.0,195205.0,321534.0,251130.0,326245.0,327652.0,292633.0,2022
11,137843.0,207486.0,245219.0,319120.0,333679.0,317671.0,325717.0,315860.0,193388.0,327553.0,333973.0,231032.0,2022
12,136708.0,176934.0,203289.0,310871.0,326621.0,242248.0,315780.0,326555.0,327111.0,328504.0,272839.0,343551.0,2022
13,133451.0,135754.0,149823.0,0.0,345411.0,374412.0,313506.0,261723.0,322103.0,319628.0,203967.0,343013.0,2022
14,143592.0,221767.0,247745.0,0.0,278703.0,374264.0,310253.0,196314.0,322552.0,338764.0,325292.0,353426.0,2022
15,124752.0,212849.0,243845.0,0.0,210297.0,381632.0,325689.0,327014.0,324494.0,277914.0,333363.0,357026.0,2022
16,88699.0,213245.0,249222.0,0.0,340529.0,379814.0,269640.0,330135.0,336902.0,205722.0,340695.0,371388.0,2022
17,152646.0,206816.0,243007.0,0.0,338008.0,389036.0,198029.0,325555.0,276400.0,328242.0,333486.0,310237.0,2022
18,147011.0,219837.0,255425.0,295392.0,343664.0,326076.0,322784.0,322317.0,200031.0,327472.0,348908.0,258309.0,2022
19,149600.0,184887.0,214363.0,304277.0,338575.0,250990.0,316102.0,314703.0,317754.0,329372.0,278741.0,355690.0,2022
20,149937.0,138110.0,187674.0,312493.0,351592.0,383237.0,319509.0,267052.0,317357.0,323754.0,214652.0,353772.0,2022
21,162824.0,223975.0,254322.0,305708.0,288768.0,385157.0,304774.0,199189.0,329363.0,340395.0,328223.0,348934.0,2022
22,136673.0,210652.0,245244.0,313952.0,223819.0,381863.0,321291.0,313785.0,317601.0,267856.0,334313.0,339701.0,2022
23,95434.0,214949.0,247656.0,273619.0,347133.0,373042.0,259565.0,296550.0,334243.0,198540.0,336102.0,339241.0,2022
24,172581.0,228203.0,243436.0,197563.0,348927.0,385439.0,190802.0,266805.0,266337.0,322028.0,328710.0,204997.0,2022
25,168602.0,166157.0,258989.0,310464.0,353147.0,339165.0,300557.0,319019.0,144285.0,325060.0,340676.0,204051.0,2022
26,169531.0,180096.0,216584.0,313512.0,353553.0,258957.0,317348.0,327864.0,203006.0,328248.0,282935.0,233916.0,2022
27,167232.0,140210.0,163537.0,315997.0,366994.0,383680.0,284143.0,261684.0,337442.0,328820.0,211388.0,316974.0,2022
28,179399.0,237594.0,281507.0,318132.0,295682.0,380094.0,308378.0,184227.0,327863.0,350435.0,332772.0,304761.0,2022
29,151637.0,0.0,285091.0,331419.0,246568.0,383179.0,320984.0,197315.0,317385.0,197992.0,347478.0,299824.0,2022
30,107248.0,0.0,293290.0,279655.0,363571.0,363729.0,252297.0,334295.0,339546.0,168929.0,240162.0,166597.0,2022
31,192078.0,0.0,294621.0,0.0,359136.0,0.0,195554.0,318670.0,0.0,181263.0,0.0,154011.0,2022
1,162027.0,400182.0,404498.0,307957.0,224848.0,377340.0,302685.0,397582.0,368578.0,255428.0,199185.0,436706.0,2023
2,224163.0,384276.0,389146.0,224428.0,396268.0,388643.0,228652.0,406040.0,299817.0,419450.0,230637.0,352213.0,2023
3,337499.0,402741.0,402293.0,376037.0,389082.0,308446.0,392311.0,393006.0,216751.0,418251.0,365501.0,268542.0,2023
4,358415.0,318428.0,314633.0,370793.0,375550.0,227855.0,392230.0,416874.0,387702.0,426842.0,287985.0,421221.0,2023
5,328790.0,240836.0,239033.0,372955.0,381228.0,384264.0,395351.0,329887.0,427720.0,419560.0,233159.0,419166.0,2023
6,363668.0,394311.0,307860.0,0.0,294078.0,384914.0,388414.0,247938.0,434056.0,425096.0,414892.0,444838.0,2023
7,287207.0,400821.0,331850.0,0.0,217889.0,390157.0,395319.0,421613.0,425428.0,331152.0,404988.0,444900.0,2023
8,221974.0,403128.0,349090.0,0.0,375524.0,381204.0,307483.0,421398.0,429249.0,242604.0,429884.0,320796.0,2023
9,368927.0,386697.0,351798.0,0.0,378878.0,391446.0,229068.0,420445.0,331751.0,413364.0,420733.0,341515.0,2023
10,380797.0,402463.0,375420.0,209147.0,386933.0,299893.0,391361.0,420987.0,243202.0,426472.0,436519.0,275655.0,2023
11,387988.0,314031.0,300949.0,392375.0,378764.0,200029.0,396686.0,428623.0,419348.0,429241.0,341200.0,426477.0,2023
12,373845.0,240476.0,229230.0,370040.0,389205.0,227901.0,395454.0,329803.0,419069.0,417275.0,248607.0,435652.0,2023
13,388623.0,394132.0,391582.0,371752.0,302421.0,404526.0,364466.0,244809.0,422902.0,429658.0,415785.0,434251.0,2023
14,303858.0,408259.0,391476.0,382532.0,219698.0,394468.0,390040.0,412424.0,419466.0,344089.0,424986.0,421596.0,2023
15,227407.0,406396.0,403242.0,303293.0,380368.0,366925.0,304604.0,434696.0,431198.0,259727.0,433461.0,432158.0,2023
16,383737.0,397746.0,397221.0,230227.0,383986.0,397418.0,219170.0,436388.0,340735.0,387908.0,428314.0,369800.0,2023
17,388094.0,408095.0,404430.0,391021.0,392760.0,316630.0,401401.0,426037.0,250209.0,421055.0,440227.0,287730.0,2023
18,391120.0,319815.0,316376.0,393621.0,381846.0,225316.0,412608.0,436178.0,418827.0,428634.0,350012.0,425802.0,2023
19,382510.0,232345.0,238217.0,397402.0,386872.0,385596.0,409416.0,336539.0,421799.0,411584.0,257191.0,423230.0,2023
20,396345.0,395608.0,390845.0,410554.0,308073.0,390026.0,402355.0,255167.0,424916.0,426177.0,394128.0,429690.0,2023
21,304282.0,396963.0,398318.0,265270.0,227056.0,393772.0,414916.0,256336.0,417501.0,328763.0,410450.0,419418.0,2023
22,228359.0,399788.0,399763.0,271056.0,381253.0,388693.0,321546.0,450298.0,419412.0,247483.0,413202.0,419320.0,2023
23,389970.0,389910.0,386539.0,216992.0,386740.0,396353.0,235724.0,435569.0,311838.0,412145.0,410545.0,325394.0,2023
24,389413.0,304805.0,398247.0,383049.0,384869.0,315276.0,330483.0,429531.0,243141.0,423608.0,421435.0,211038.0,2023
25,393621.0,282843.0,310992.0,386820.0,379678.0,231181.0,401122.0,389528.0,410884.0,430764.0,345514.0,219731.0,2023
26,386930.0,225570.0,238522.0,389860.0,372934.0,386915.0,375873.0,323170.0,428702.0,426299.0,255822.0,263213.0,2023
27,394716.0,398981.0,380406.0,381100.0,281840.0,404665.0,368837.0,236411.0,424007.0,445904.0,261467.0,380846.0,2023
28,306610.0,404892.0,392517.0,395655.0,213198.0,255362.0,397173.0,247264.0,423939.0,343231.0,446444.0,358093.0,2023
29,231170.0,0.0,390715.0,307409.0,375314.0,390072.0,298591.0,435339.0,433719.0,245032.0,432915.0,359972.0,2023
30,388880.0,0.0,385765.0,221951.0,379930.0,399360.0,220828.0,419073.0,348614.0,223793.0,427153.0,254007.0,2023
31,395167.0,0.0,398339.0,0.0,386136.0,0.0,394278.0,379052.0,0.0,335803.0,0.0,166402.0,2023
1,174890.0,423216.0,432543.0,397159.0,255234.0,320694.0,411601.0,426440.0,242545.0,441536.0,217300.0,264435.0,2024
2,330672.0,429978.0,326947.0,414035.0,414610.0,240947.0,403706.0,426862.0,259645.0,447438.0,220352.0,431222.0,2024
3,397398.0,328082.0,247440.0,415558.0,411310.0,417022.0,426443.0,326344.0,326898.0,436874.0,232513.0,448188.0,2024
4,387950.0,242856.0,422885.0,407794.0,306389.0,420739.0,413568.0,239869.0,381775.0,442695.0,429356.0,448082.0,2024
5,402214.0,425995.0,428432.0,414604.0,224842.0,422268.0,410329.0,419248.0,369486.0,333650.0,443986.0,442102.0,2024
6,309516.0,434012.0,433960.0,305560.0,407881.0,417556.0,315930.0,426367.0,418548.0,238388.0,448442.0,456608.0,2024
7,237810.0,441093.0,421707.0,216558.0,412500.0,418902.0,238879.0,430140.0,327435.0,423949.0,435639.0,366349.0,2024
8,413956.0,447229.0,434169.0,398642.0,418016.0,321593.0,416869.0,421956.0,241511.0,447122.0,445749.0,279704.0,2024
9,413520.0,288611.0,323961.0,245225.0,409041.0,234457.0,419811.0,427966.0,436957.0,444107.0,344343.0,437439.0,2024
10,430033.0,272437.0,237983.0,240603.0,413497.0,423988.0,426423.0,322117.0,448032.0,436237.0,252616.0,455241.0,2024
11,422982.0,239253.0,419562.0,432622.0,317752.0,442393.0,418694.0,245555.0,450814.0,446147.0,404667.0,460675.0,2024
12,427727.0,428798.0,429607.0,423277.0,230941.0,279276.0,421856.0,427632.0,441342.0,336311.0,445635.0,449738.0,2024
13,326178.0,436878.0,430430.0,314085.0,405858.0,428714.0,322206.0,434989.0,435420.0,243783.0,445417.0,449721.0,2024
14,238470.0,446149.0,423802.0,226823.0,409564.0,426469.0,242416.0,433178.0,342928.0,422520.0,440089.0,382552.0,2024
15,427779.0,430944.0,436748.0,405082.0,424247.0,330510.0,421657.0,434558.0,250540.0,436041.0,452355.0,302154.0,2024
16,430065.0,435873.0,338323.0,418337.0,415340.0,238478.0,428573.0,439160.0,431793.0,458356.0,354425.0,445931.0,2024
17,433564.0,335949.0,250390.0,427297.0,422090.0,246606.0,430159.0,334765.0,442780.0,444670.0,207617.0,448906.0,2024
18,425246.0,248826.0,423511.0,422151.0,321921.0,448911.0,414535.0,244718.0,449870.0,449514.0,401236.0,446423.0,2024
19,429713.0,423659.0,428752.0,423812.0,234605.0,436765.0,421342.0,404125.0,432888.0,343731.0,456079.0,436832.0,2024
20,328053.0,433201.0,433835.0,313272.0,414319.0,425889.0,322283.0,432340.0,443416.0,250691.0,453400.0,469930.0,2024
21,238351.0,431843.0,424733.0,227049.0,418764.0,429186.0,236275.0,423894.0,334249.0,428703.0,444844.0,351388.0,2024
22,421196.0,422773.0,426501.0,412073.0,418982.0,354275.0,387848.0,444328.0,241913.0,443072.0,452412.0,271775.0,2024
23,432037.0,428790.0,318853.0,416496.0,409046.0,239602.0,371898.0,287252.0,418274.0,339701.0,355679.0,386893.0,2024
24,439479.0,325052.0,232320.0,411305.0,412138.0,404295.0,174791.0,304423.0,427668.0,305556.0,260778.0,219705.0,2024
25,430079.0,236752.0,398159.0,400438.0,315760.0,429696.0,262229.0,234452.0,445216.0,300810.0,434037.0,198598.0,2024
26,434212.0,421068.0,397906.0,407638.0,192552.0,428716.0,400629.0,242531.0,437345.0,315975.0,449471.0,351409.0,2024
27,326665.0,426131.0,381082.0,309445.0,393213.0,420909.0,315997.0,447647.0,443733.0,239013.0,451765.0,366796.0,2024
28,243652.0,432587.0,0.0,221033.0,411293.0,423703.0,227703.0,388166.0,341654.0,439159.0,445027.0,277466.0,2024
29,424442.0,426853.0,0.0,394841.0,408910.0,329428.0,414410.0,432631.0,244930.0,440447.0,459627.0,229673.0,2024
30,436869.0,0.0,0.0,418854.0,399897.0,250158.0,425178.0,440206.0,429494.0,445602.0,316222.0,220778.0,2024
31,432265.0,0.0,0.0,0.0,409861.0,0.0,431562.0,339660.0,0.0,408447.0,0.0,168284.0,2024
1,170732.0,328125.0,327248.0,0.0,0.0,0.0,0.0,0.0,0.0,0.0,0.0,0.0,2025
2,327355.0,243217.0,241431.0,0.0,0.0,0.0,0.0,0.0,0.0,0.0,0.0,0.0,2025
3,360437.0,438748.0,0.0,0.0,0.0,0.0,0.0,0.0,0.0,0.0,0.0,0.0,2025
4,274487.0,443245.0,0.0,0.0,0.0,0.0,0.0,0.0,0.0,0.0,0.0,0.0,2025
5,230464.0,449925.0,0.0,0.0,0.0,0.0,0.0,0.0,0.0,0.0,0.0,0.0,2025
6,422713.0,434285.0,0.0,0.0,0.0,0.0,0.0,0.0,0.0,0.0,0.0,0.0,2025
7,430728.0,442364.0,0.0,0.0,0.0,0.0,0.0,0.0,0.0,0.0,0.0,0.0,2025
8,437166.0,325816.0,0.0,0.0,0.0,0.0,0.0,0.0,0.0,0.0,0.0,0.0,2025
9,420089.0,233202.0,0.0,0.0,0.0,0.0,0.0,0.0,0.0,0.0,0.0,0.0,2025
10,431640.0,437025.0,0.0,0.0,0.0,0.0,0.0,0.0,0.0,0.0,0.0,0.0,2025
11,315484.0,449179.0,0.0,0.0,0.0,0.0,0.0,0.0,0.0,0.0,0.0,0.0,2025
12,234718.0,451020.0,0.0,0.0,0.0,0.0,0.0,0.0,0.0,0.0,0.0,0.0,2025
13,412129.0,440399.0,0.0,0.0,0.0,0.0,0.0,0.0,0.0,0.0,0.0,0.0,2025
14,445470.0,451727.0,0.0,0.0,0.0,0.0,0.0,0.0,0.0,0.0,0.0,0.0,2025
15,450488.0,342018.0,0.0,0.0,0.0,0.0,0.0,0.0,0.0,0.0,0.0,0.0,2025
16,444518.0,252215.0,0.0,0.0,0.0,0.0,0.0,0.0,0.0,0.0,0.0,0.0,2025
17,449191.0,436090.0,0.0,0.0,0.0,0.0,0.0,0.0,0.0,0.0,0.0,0.0,2025
18,332503.0,430990.0,0.0,0.0,0.0,0.0,0.0,0.0,0.0,0.0,0.0,0.0,2025
19,240719.0,447975.0,0.0,0.0,0.0,0.0,0.0,0.0,0.0,0.0,0.0,0.0,2025
20,435818.0,440535.0,0.0,0.0,0.0,0.0,0.0,0.0,0.0,0.0,0.0,0.0,2025
21,443490.0,441886.0,0.0,0.0,0.0,0.0,0.0,0.0,0.0,0.0,0.0,0.0,2025
22,447341.0,328866.0,0.0,0.0,0.0,0.0,0.0,0.0,0.0,0.0,0.0,0.0,2025
23,440087.0,236860.0,0.0,0.0,0.0,0.0,0.0,0.0,0.0,0.0,0.0,0.0,2025
24,436243.0,428382.0,0.0,0.0,0.0,0.0,0.0,0.0,0.0,0.0,0.0,0.0,2025
25,325280.0,421408.0,0.0,0.0,0.0,0.0,0.0,0.0,0.0,0.0,0.0,0.0,2025
26,235496.0,448664.0,0.0,0.0,0.0,0.0,0.0,0.0,0.0,0.0,0.0,0.0,2025
27,433980.0,435284.0,0.0,0.0,0.0,0.0,0.0,0.0,0.0,0.0,0.0,0.0,2025
28,455919.0,442730.0,0.0,0.0,0.0,0.0,0.0,0.0,0.0,0.0,0.0,0.0,2025
29,272666.0,0.0,0.0,0.0,0.0,0.0,0.0,0.0,0.0,0.0,0.0,0.0,2025
30,443303.0,0.0,0.0,0.0,0.0,0.0,0.0,0.0,0.0,0.0,0.0,0.0,2025
31,448998.0,0.0,0.0,0.0,0.0,0.0,0.0,0.0,0.0,0.0,0.0,0.0,2025
